SentenceID,AppName,Text,Sentiment
70f7f995-e24a-47d1-b441-b1d3fc2226f6,Bolt,"Such an easy app to use, really quick and easy to set up and had absolutely no problems with drivers.",positive
da71daae-b894-44eb-837f-1ec80cee7a18,Bolt,The drivers and the services have been exceptional since ever,positive
2f8b86d8-efc2-4401-9280-5461bd123a23,Bolt,All rides have been enjoyable.,positive
312dd6d4-3efa-4ba8-9b2a-b0bd743599a2,Bolt,Driver very knew where I was,neutral
ac0fe08e-c9ba-4744-8013-3b221b7d9d69,Bolt,most driver's are child friendly and patient.,positive
628abeb2-28f5-433e-971e-46159b4d7bac,Bolt,Quick and easy to use and drivers are quite friendly üòä,positive
6e43a59e-a7e5-422c-9a6e-9c4c066e2a9a,Bolt,I Love this App.....its easy‚òÆÔ∏èshows you the person who will drive for u and his Name too,positive
e29a55ef-83e8-41e7-960f-ed6353af0e56,Bolt,Best drivers ever,positive
50337d74-28fa-47ee-b9e1-6e34b5093ce8,Bolt,Good travel with the app,positive
0be28e69-bf47-40eb-88ef-de3d8b8c2d03,Bolt,Cabs r clean & drivers too,positive
e0946bce-018b-42a2-a5c8-9a378411ffba,Bolt,Love the rides,positive
60ab2185-e37f-436a-9ff8-c55b9d487c70,Bolt,"Fast, affordable & efficient means to get to any destination in Nairobi.",positive
a25365c0-45ac-476f-b0c6-681c59dee379,Bolt,Perfect transport,positive
1a9c7bce-729a-4015-995c-de5f296de708,Bolt,But the rider are vey wicked there use to add money on it.,negative
71ce596f-9102-42d5-9e1b-327658916ddb,Bolt,Its an easiest way to find a transport and its safer,positive
45cd3312-6126-492a-ba83-d7fda7bd4c74,Bolt,Safe to travel with,positive
27736c40-ee80-4944-a0e4-a662f417d5ff,Bolt,Always a good ride and very good drivers,positive
257e7fe1-90ef-44ab-9b94-a8b5fdadff4a,Bolt,The kids loved the spacious ride.,positive
d94b1575-414d-4928-b4d9-ae67eeb4fa0c,Bolt,I enjoyed my ride,positive
155dfd66-a027-4cc4-9287-894e0b0c508a,Bolt,Clean cars!,positive
299b7932-79d9-4a99-b912-b307c01c64b0,Bolt,Best service and best prices!,positive
bee3ba28-3dd6-4e7c-b9e2-a773fee34b65,Bolt,"Fast and convenient, friendly drivers with a smile..",positive
fab65e0f-0846-40ba-8b95-8243ac5f69f9,Bolt,I have never encounted any bad experience even the drivers are professional,positive
8a20fb67-826a-4d89-80bf-0a8229417c09,Bolt,Most convenient way of moving around ever!,positive
4853242d-c15b-4766-af97-b50748557081,Bolt,Nice ride's ‚ò∫Ô∏è,positive
81304ffd-dcc1-4b26-888f-264ca27df1d9,Bolt,"Always satisfied, and the drivers come on time",positive
9b30bc25-4ba8-4e7d-ac4a-eed6cecb9c45,Bolt,Excellent rides and good driving skills been displayed.,positive
838078dd-dd9d-46c1-ae61-a8347dc04b8a,Bolt,My ride with bold and use of bolt had been nothing but exceptionally great,positive
c5376052-7435-4dba-a1ea-e6099edf0ac6,Bolt,Good driver ever,positive
707f8dbe-6049-4d37-bdf8-45c05b5752c4,Bolt,Awesome and driver very good,positive
c4ba3dbe-fa52-48bb-9db3-da21d3e370e3,Bolt,Other cars are super clean.,positive
72b8b36f-ec67-4af9-a548-547ed783aaa9,Bolt,Great drivers; hospitable,positive
eba478ee-5564-48c7-afff-560b3380ea7b,Bolt,You dont wait longer than 15 mins I love it and the prices are reasonable,neutral
6d87d0ae-fa37-4d8a-8739-88f9a66861e5,Bolt,Very efficient.Drivers are awesome,positive
6c641de0-d7d7-4b9e-90ed-985741e36cff,Bolt,Great drivers and cars,positive
8226c81b-b9f6-443b-a8d5-dff55d4ac5ff,Bolt,Its nice drivers are always friendly,positive
e786a6b5-b19e-4179-91c4-cc2e1e4d57b0,Bolt,cheapeat rate in Saudi,positive
5d4da377-0c11-4da1-a044-dcd08f8d1a70,Bolt,Drivers are always profesional.,positive
43d9cfdc-326b-4ca2-8939-0df2f8589bba,Bolt,"They give you a waiting time, but it is never respected, and not by 1 min, or 2.",negative
6952c2c1-a5ca-445a-b031-964c953bae2a,Bolt,The drivers shouldn t be aloud to give impossible pickup time.,negative
c57c32fe-2301-414a-9e2a-3ddd84fd77c5,Bolt,Generally okay but wait time could be better,neutral
5dc57d84-c655-4da2-b6f0-b6cf2154ae74,Bolt,drivers are friendly and cars are clean.,positive
e4b4d1e6-dd13-4f5b-8803-bb6d85f85891,Bolt,"As a regular user, they have definitely spiked the prices to be ridiculous amounts",negative
ee2cd510-f1d9-44f2-bf12-99dcdfebabb8,Bolt,I requested for help on the app but still no reply.,negative
3c944eb0-db4f-4ca2-ac7f-493c75abff21,Bolt,Utterly disappointed Will be deleting my account with bolt,negative
f7a477f0-3316-46ff-b8e7-932c62caddcb,Bolt,Answer to CS: I already sent a message in the app.,neutral
38b1e5c0-4244-4a35-a72c-81df21dbc767,Bolt,Have recieved multiple emails of someone using my email address for their rides as there is no email verification etc.. would be extremely worried to use this service and put payment details into it.,negative
ff7969ac-d70b-4c80-9936-441d97b76307,Bolt,I don't think i can trust the app again or request a cab it feels just feel bad,negative
7b4a0999-1239-4241-bfe1-f8cb4a9f72fc,Bolt,This app keeps getting expensive by the day im gonna download uber once your drivers are even rude,negative
e69756d6-61d7-454f-abc8-cf411d140565,Bolt,The last time I used this app it was terrible ....driver talks too much ....driver has a body odour ....the car was terrible and I even saw a cockroach in the car ....this is apparently the worse ride ever!!!!,negative
16b3197a-7214-494e-bb27-cf7ca9520eef,Bolt,It a Kak application drivers cancel to much I can't take this any longer,negative
14b35be8-f325-4af9-8c5d-c4ed1085b4e8,Bolt,Some of your drivers they want this promotion for to pay with account they will tell you cancel i can't,negative
f0d9a555-6f31-4375-bb20-060e098ec5d6,Bolt,It looks like you guys don't care about the scam that happens with your drivers and u don't answer your built_in app support chat.,negative
6b75a248-9d17-49ce-9b76-655e4c655082,Bolt,"A driver who did NOT pick me up, said that he picked me up and drove all the way to my destination just to collect the money.",negative
eeeb5b8a-110c-428f-b085-b6588b3b5d64,Bolt,I wasn't happy cause it was my 1st time and it was suppose to be a free ride but i had to pay,negative
d66d0bc7-34f9-4486-8c66-cff607602b93,Bolt,I lost my phone in a trip from a local mall to my home and when i phoned a few times the driver put of the phone.,negative
72155708-be8d-4884-a9c2-d6fb3f7ee7b1,Bolt,"The guy arrived, refused to come to the spot I actually requested him to come and then requested the journey as it was my friend not me even though I called him and confirmed her details.",negative
25978d50-e048-4b3f-8858-090656139059,Bolt,I still got charged ¬£8.80 for a ¬£5 journey because of 'waiting time' which kept adding up bevause he was not cancelling.,negative
b62d2020-0ffb-4341-9100-ddf782364947,Bolt,Drivers on this app are useless,negative
d600fe2b-afa5-4c8e-9a5c-606fab000b45,Bolt,The app is not capturing the pickup point clearly thereby misleading the driver hence increasing the response time.,negative
60d9aef5-349e-4cfb-9e3e-b3678cb6a0fa,Bolt,I recently had all my money withdrawn from my account.,neutral
7e5c08ae-e810-465f-8711-3c5816fa65eb,Bolt,You guys have a very wrong estimation of charges.,negative
27582ff1-df40-49e1-8177-8f8b54d13b23,Bolt,"I normally select a bolt at CBD, telling me its a two minute wait time only to find out that the driver is in Westlands or south B for an instance.",neutral
e8cd7171-64ba-4621-92f6-23de3d762796,Bolt,Terrible ride sharing app.,negative
4cf00847-2940-491b-bb38-7268d07ac632,Bolt,"Most times good and efficient but we getting more unclean drivers, dirty cars and rude drivers",negative
40ea1233-3b95-4320-90a7-957ab45a925b,Bolt,!I(female) requested a ride yesterday (29 February 2020) around 10pm at night .,neutral
0d246297-0db0-455e-bc7f-4ec2d855af5b,Bolt,The driver came with a man sitting in the passenger side of his car.,negative
a64ae062-381c-4256-8ae3-cd42b2ee4fa6,Bolt,The driver called me to get into his car and I refused.,negative
38d9ce98-043d-49aa-9729-60f91ca33bfb,Bolt,"Very efficient service, takes away any stress of booking a cab",positive
e9e6adec-e152-4079-ad1a-372d07975a3b,Bolt,Thnks and nice trip,positive
8a0c789d-7a92-4d7a-b8f0-5f32766b5d9c,Bolt,LOVE their ride,positive
2c45611d-c175-467e-8c6f-86bdedc1d091,Bolt,Their cars are always in good clean condition.,positive
f7225c1c-1735-4f7f-b838-56d065d4267f,Bolt,"I have always had good, friendly drivers.",positive
eb3c602b-9296-4f51-89ea-aa40c59ba095,Bolt,The prices are also always reasonable.,positive
b5483380-0cb9-419b-8525-4356ea5ba767,Bolt,Fantastic ride,positive
8f2c012e-29e6-4a77-8db4-2837adeea13d,Bolt,"Drivers are polite, trustworthy and very helpful.",positive
ff7348b5-d1f2-4e21-8e19-2a7b6c5330bc,Bolt,Just sometimes prices are too high and too expensive for me.,negative
be7485c1-26db-4072-976e-022c8bd3efc6,Bolt,Do you have a weekly service option we can use fro.,neutral
6e54972b-00af-4c0b-8c66-9a110a726a3b,Bolt,Drivers are respectful and humbe and finding a ride is so easy,positive
498043b9-dff3-4704-a27f-b4ca1753de54,Bolt,"Response is highly recommended and drivers are accommodative to my wheelchair bound son,even thou cars are so small but they always make a way for us and the wheelchair",positive
2db2365d-e132-4fd0-9ee7-15b83c38df39,Bolt,Awesome and enjoyed my ride,positive
4d000c16-f163-4571-90d5-2caed9d4b70f,Bolt,Best convenient for students and adults who are in need of transportation.,positive
ad5bbf51-e150-4fa8-90d6-dd47506e290b,Bolt,It okay pls just upgrade your Gps cos i on wifi for most of the drivers just to end my trip,neutral
5da19d62-f44c-4f17-a88e-419b6e206850,Bolt,Safe travels,positive
f896c47e-c082-447d-b65e-83a5de43404c,Bolt,The driver was just normal,neutral
757a0bf2-1842-4cbf-84ac-5c0c2c42dabd,Bolt,Great driver great music ...love it,positive
26c71c88-3141-49d0-971d-4b31ff8e8f76,Bolt,"Clean,,good driver and lower prices",positive
a189c2de-7541-442a-9665-5ab8ee530724,Bolt,"Nice app, the drivers are quick to response",positive
41e79a56-bbe4-43dc-a575-780feee6f9c7,Bolt,"Pathetic, got charged over twice the estimated price (other taxi companies are able to provide estimates very accurately, I have never had 1 problem with uber in over 200 trips) , customer support came up with some poor excuse, complete nonsense.",negative
00bdeac6-314b-4045-ad17-c8db117a4631,Bolt,Please cancel ny trip,neutral
931eaa79-120f-4ddb-b62c-a0beeae28695,Bolt,Taxify is a reliable way of transportation but recently they at every month end time they pick up the prices to ridiculously high amounts,negative
a0cb3647-e8ee-4bc0-96d7-a9594798960a,Bolt,Some taxi drivers are extremely rude and disrespectful.,negative
355158cd-3fc8-4d72-b558-d9de40d86038,Bolt,I don't understand why prices have to change on peak hours.,neutral
c6b324fb-6bd4-4a55-8baa-fc7c515c1fe4,Bolt,Drivers are very good at cancelling trips... Why accept then cancel..,negative
2352772d-d7f3-43ad-b91b-6de85b7dbc94,Bolt,"Worked great for about 3 days, i use bolt to get to work and back, but now I can't seem to find a ride no matter what time of day or night.",negative
e5a558a7-fbf4-4e98-8df5-8d07567d228e,Bolt,The price is too much,negative
e3550770-1350-4026-befb-8ca7c7623c99,Bolt,Then the driver promised to bring the phone back the next day.,neutral
cdda2849-8135-4abb-89c6-66ce65f41b1d,Bolt,Most drivers are very nice... and ok with GPS,positive
d56e0f60-3bdf-4b8e-85cd-7b202767302c,Bolt,"Love this app it's safe, it quick, it reasonably in prices",positive
b01ff8de-642c-459b-809f-bf1ffb447c79,Bolt,Despite a few hiccups the app is great nd the drivers are great too,positive
ad92510c-997b-48f9-a25d-f85f28fc940b,Bolt,"It's good having so many driver s, waiting time is less",positive
15dad166-2b61-42ac-b1bf-1373ae898064,Bolt,I once had a driver cancel my ride when the weather was very cold because I didn't know he was my taxi and not just another car parking as he drove further up from where I was waiting.,negative
c1df234a-145a-474f-8259-8d395b2314ea,Bolt,"Very good app, always useful updates ment to to ease the user interface, the waiting time is quite approximate, could be improved.",positive
1b988ee6-0f01-49c6-9a06-a9581e53223c,Bolt,Quality vehicles and good drivers,positive
ab0eee5f-de3f-462a-86fb-009dec1db4d0,Bolt,Please work on your GPS,neutral
859c159a-76a8-43b2-9656-9913d0593bd3,Bolt,"For the company, the prices are better with good service.",positive
2b6fac35-2a61-4025-b69c-5e252e00b16c,Pipedrive,"My main complaint is the battery usage which can be 7 to 15% when it's not even being used, this is a problem",negative
298aad47-e326-4c9f-b1a7-fb4b6d118b84,Pipedrive,"Great app overall, although the Activities section is a little cumbersome.",negative
4679917d-71b2-44c3-a1f5-115dc020b526,Pipedrive,Worst syncing of data!!!,negative
6b138016-91f7-4b89-a00a-8159640e1e23,Pipedrive,Database is slow and clunky for contacts.,negative
24ac7755-c7f9-4666-a6ac-c02d06ea19f2,Pipedrive,Poor sync.,negative
5fbece4c-adb6-463c-8535-488c01030f8e,Pipedrive,VERY POOR SYNCHRONIZATION OF DATA!,negative
3db2aa03-e5f8-4783-9739-2b3dd11fa202,Pipedrive,"Very slow to sync data, but ok app.",negative
e3c008bb-088b-447e-b28d-011145b59ff6,Pipedrive,"Just barely functional - this app is extremely slow to load on start-up, sometimes taking up to 2 minutes just for the main screen to show up.",negative
d5908018-6c4b-4a6f-8c14-f0d2f5074789,Pipedrive,"While you can import your contacts from your phone, it is manual.",neutral
a1427337-ed40-4cdc-a571-cb8169150e2a,Pipedrive,"Lay out very good, easy to use but it is so frustratingly slow.",negative
2d7f87fe-aed2-4a45-96ca-a87b6963766a,Pipedrive,I expected to manage my emails through the app as I do on the desktop version.,negative
9aea2d01-8c29-423b-8478-49e46931b003,Pipedrive,I can't check the analytics on Android app,negative
77ada4a4-0a13-4d4e-96de-de18f3297c81,Pipedrive,Nice app but can't find out how to log my calls :(,negative
250c8166-137a-4b78-b891-0bb53e1f4f67,Pipedrive,"Also, I have to use discard menu, not simply click the left arrow icon on the header.",negative
8b5f1db1-209f-4a06-9247-7da18b9f543d,Pipedrive,On the mobile app I actually have to type of the address manually which is a massive chore.,negative
0c4429f6-9215-4e9f-a91b-3f1629b1bdc0,Pipedrive,So I am just using the desktop app for adding companies.,neutral
4b766dcb-45d6-4a62-b9eb-928df0dbf24d,Pipedrive,You have to go find the listing again to to call report & schedule a new activity.,negative
4e432253-d31f-4bfb-a8d4-0ad8b668c745,Pipedrive,You can not see note and future activities easily from the phone when you are in the field to see if another rep is calling on a particular business already.,negative
b8b71882-0f7d-4a23-8f43-deede1c1ebc8,Pipedrive,"When any call in your BASE database comes IN or goes OUT, the Base app pops up a & asks if you want to call report.",neutral
92c1abf2-9dad-413b-b6e4-eb0a360c6667,Pipedrive,That means no deals with products can be created.,negative
aed4cbc1-5322-452d-b7fe-ac31856ffa9c,Pipedrive,"Pipedrive simply will not allow a lead to fade into ""no man's land"".",positive
1d0db52a-509e-4e6e-9087-2e6c58e94599,Pipedrive,"After any communication with a customer, it instantly forces me to create another activity so that Everyone has a next steps plan in place at all times.",positive
90918d18-f16d-4709-acf9-c2e699468475,Pipedrive,I HIGHLY recommend the integration with Gmail.,positive
cd21edd1-464c-4732-9280-8fa924833270,Pipedrive,"The app works with Google Assistant as well, read out your tasks, take notes, logs incoming and outgoing calls to your contacts (if you want) and do much more.",positive
c8ba6714-6739-4d99-ab28-8e81159894cf,Pipedrive,Love the voice transcription function.,positive
77b1a871-2947-4969-8a39-2d9472daac48,Pipedrive,As soon as I speak with a client I'm able to add a note to their file upon handing up.,positive
b2f3435a-cf78-41dc-9724-fa8cc502729a,Pipedrive,Helps me to keep track of all client updates.,positive
a1862773-3510-495e-9765-39a87f8ad3a0,Pipedrive,"Easy to use, captures everything, exports easily.. Intuitive... Nice",positive
df529d63-0d53-4314-a2db-b2835ed035dd,Pipedrive,Pipedrive helps keep us on track with our customers.,positive
9f46f487-98d5-41ac-be02-3823dbcaba9b,Pipedrive,Especially with followup on repeat sales.,neutral
f51e9a3b-206b-4f6e-b28d-9bad1000754a,Pipedrive,Can easily add and remove seats as required.,positive
aec0332b-e503-44ee-8b9f-71627f864316,Pipedrive,"it helps me coordinate my sales on it , activities ,contact , companies and many more , it's the best CRM I have ever used.",positive
2492bbfd-7293-49e4-8f03-3fac9c0b5afd,Pipedrive,Keeps my deals on track and helps me manage my day.,positive
2bfc30eb-ff16-4a21-9211-6888b550fc08,Pipedrive,Best üëçüíØ for managing all business department activities,positive
70de8482-eb1d-4e93-a573-489afca4a0c8,Pipedrive,"Intuitive UI, makes it very easy to keep track of things without feeling too forced.",positive
5c8e9f97-ec65-44d3-a5cd-0faf08d4ad52,Pipedrive,Pipeline approach for managing deals is exactly what our business needs,positive
e640545f-de09-462c-af94-55fa034a6b9d,Pipedrive,Assists on keeping me in top of my deals and in touch with clients,positive
91b79d1f-fa79-400c-8d2f-27b29f098f8d,Pipedrive,Seamless experience managing the full pipeline.,positive
aea0e1c7-ed41-44a0-a9cd-d878a0553af5,Pipedrive,Killer feature: caller ID and logging.,positive
b91519d0-e6f3-43ab-a842-4acbe21bf98c,Pipedrive,"Its easy to us, the design makes it easy to see your pipeline status.",positive
16e05fa9-365e-45ae-9487-8034d25b0275,Pipedrive,"Brilliant sales funnel and pipeline, very user friendly, uncomplicated and seriously effective!",positive
a623dd56-0e32-495b-b29e-3eaf6055f161,Pipedrive,our implementation of PD cover sales and production so all custom field are visible across all pipelines.,neutral
8e7c33bf-b7fe-4fdd-a1f5-5e86ca852c52,Pipedrive,we have 200+ custom fields so it can be time consuming for guys in the field to track down the field they need.,negative
7f832de9-7f23-45e4-bdbc-c932ea0b537e,Pipedrive,I'm able to see how my sales team is doing and better predict sales in addition tp providing better customer service.,positive
cc3fef12-09dd-4d38-8823-53bec750abcc,Pipedrive,I especially love that the software links to other services like mailchimp.,positive
f56d7221-07d4-433b-ae33-07407f6799c4,Pipedrive,Poor sync.,negative
4b00cece-6f0c-4222-adf3-bc51c40cbe38,Pipedrive,Also good for tracking your teams performance.,positive
275487bb-cc29-443e-abde-7f4ac56381f8,Pipedrive,Great app well sync and Google support.,positive
6bf00e7c-ec22-497e-b55a-230b9aaaef75,Pipedrive,Best and most intuitive sales pipeline tool I've used!,positive
6332c1d1-f757-44e5-8c22-e93dea679e40,Pipedrive,I love that I can click on a contact call them and it logs the call.,positive
e4bbcc39-433b-4699-9702-22cdcbe6754b,Pipedrive,"This ranked above the rest due to the great ux/ui and how well it works to automate, assign and convert prospects with its features.",positive
a2b37152-c4f0-4f04-b743-e70271f7e15b,Pipedrive,The outgoing call feature is excellent but the text message button doesn't seam to connect with my android.,negative
c5fb6ae5-b0c3-4f32-b256-c92542cd810e,Pipedrive,I very much like the automatic phone call log after each conversation.,positive
c4358b5a-cd91-4e9b-9162-c87407c0e454,Pipedrive,Love the new call log feature.,positive
4cd0bf7e-8b6b-4ad3-ac43-b8a3c1645c1c,Pipedrive,Task and team management along with the sales and other activities.,neutral
59691def-2f87-410e-9fc5-af5960255adf,Pipedrive,"I wanted something were I could easily see all my leads, whether or not there was a task assigned to the person  (which I could easily discern) and pipedrive delivered... and at $12 a month... so far I love it... and I have actually picked up 3 clients that I had been neglecting because they ""fell through the cracks"" no complaints at this point... LOVE THE PRODUCT!",positive
cd2bc71b-6299-4e3b-b91a-3866529f66ed,Pipedrive,"I had a simple question with something small regarding importing my contacts online and a lady on their support line not only helped me, but spent just under 2 hours on the phone with me 'holding my hand' showing me not only how the CRM worked, but the app.",positive
7ed469d9-d913-43ee-afef-f4835ed9c6f1,Pipedrive,"They advertise 
integration with Outlook 365.",neutral
a8cfec48-f8e5-4a41-92dd-af53ef7bfc52,Pipedrive,"Works fine and has all the basic features, but didn't tell me it would hold 
my information hostage after the trial runs out with no way to export your 
data without paying.",negative
278b9d5e-d8ea-47f1-ac96-190cacd07c65,Pipedrive,It's so slow just like their desktop version.,negative
ec49558d-77f2-4cde-9709-a8d60768c034,Pipedrive,I tried searching company wide and just myself.,neutral
5d973a80-4e39-49da-af35-aadc63c50eb5,Pipedrive,"The app itself is really good, but is extremely slow.",negative
dfa31ed6-fd82-47b7-81d1-f8cc15056c92,Pipedrive,So slow,negative
b1a4b3d1-e8e2-4f32-9e0d-3224d9b769a4,Pipedrive,Bad sinchronizing.,negative
dcc05816-d69e-43f9-bffa-36f7bd5e33dd,Pipedrive,"Installation is quick and easy, especially email.",positive
b0ffc782-5e1d-43fc-85d0-dbdd75e2a278,Pipedrive,It helps me keep organize the activities to follow up it makes repetitive info emails easy w templates.,positive
06c43265-9c16-4749-ade8-264979fbab56,Pipedrive,i've been working with pipedrive for 2 weeks and till now it's been very useful on keeping track deals,positive
943dbecc-69ca-47d4-8a28-9406e4b888fb,Pipedrive,"There are some functions, however, that are not as user-friendly such as attaching files (which must be done one at a time, cannot upload multiple files simultaneously, i.e.",negative
508e090f-d116-43d8-8017-39910060b1aa,Pipedrive,"I've come up with a functional workaround using tags, but it's cumbersome.",neutral
10a2e7fa-cb96-452a-872b-8a8a55deae92,Pipedrive,"So I'm new to the CRM, seems like a great program so far, but here's my question... Just logged in with my Galaxy Tab S2, which I use in Landscape with a keyboard.",neutral
512a7205-a689-47cf-973a-6251df34367a,Pipedrive,"The second I logged in it switched me to portrait, which makes it unusable with the keyboard, and for me, my tablet as a whole.",negative
fa198867-ac29-4f1f-a85f-3503044a8f7e,Pipedrive,Helps us in keeping a track of all leads.,positive
0382f885-425e-4587-a46f-d97d949718b4,Pipedrive,Only if you open the profile or change to the view list.,neutral
c9f53793-1959-438e-ad35-7b75067418c7,Toggl,"The concept of tags, projects and folders is oh so incoherent.",negative
81b6c561-97c4-4a43-b6c2-66de7c937598,Toggl,"Time selector is horrible, if you don't want to use timers and prefer registering manually, you'll make lots of mistakes.",negative
82330e95-6231-4c10-a9a0-03a26c9883ae,Toggl,"You submit less important data is via ""save"" - it doesn't save anything, though, as the whole record is saved by ""done"".",negative
ef368ba4-a285-4a49-ab35-958b18a45877,Toggl,You set report parameters by clicking outside modal.,neutral
a63155b9-9b8e-4153-95f2-f7e1a3424eae,Toggl,Adding entries to the past is suddenly hard to find and weird to set its details.,negative
f9b69f95-276d-4178-862e-2c5be657f0dc,Toggl,Changing the date of entries is weirdly hard to find.,negative
99625367-1e69-4b16-82f7-9d61360583f0,Toggl,I keep accidentally starting new timers when I only want to view/review the details of existing entries...yet again I started a new timer?....can we just revert back a year or so?,negative
fe692a26-aac4-468f-9eb2-5980d5975ee9,Toggl,"It does track time, but is non-intuitive.",negative
ad26f30f-ee9a-4540-8ef7-664ea21d4ca4,Toggl,It's quick to add in time entries which I appreciate.,positive
d376692a-f59c-43d9-9bd7-d334b0098910,Toggl,Having to go in to the app each time to stop the timer is a bit of a hastle,negative
1272271d-e092-4a93-a3d8-3e470166dc09,Toggl,Time tracking is buggy.,negative
151b7945-1c72-4fe9-8548-be18dee6a6d7,Toggl,-Tags are worthless since they don't stick when you restart a timer.,negative
f19066c6-b30b-4438-b6ef-130e7d2cea33,Toggl,"It's just tracker, but even to open it or add new task from previous, takes a lot of time.",negative
d1fe2a55-333c-4036-a18b-ee730b03dbe4,Toggl,And it uses hashtags in your text fields to trigger project names and description tags.,neutral
85d1035c-7fd7-4dab-857d-f4c264c81edc,Toggl,Turns out that I created a duplicate tag which caused validation errors.,negative
633f3fc7-7cc6-4e02-9f98-429c0089aff2,Toggl,Account needed even for quick try out,negative
d91100ec-03fb-4f71-a471-b3a0809fffa3,Toggl,"It's time tracking, why can't we figure this out?",negative
4affcb1c-4da8-4a94-ad48-fdd6089debc0,Toggl,"Not much help on how to use, didn't make any sense on tracking projects, as I was only able to create one project... Also I couldn't see calendar 8n typical monthly calendar format.",negative
66c48cd3-c831-40ca-b0e5-25d36919d6e2,Toggl,"Perhaps, I didn't know the correct gestures on getting to do these tasks, but I didn't find this app intuitive.",negative
a2ef4f94-9590-439f-840e-94ba89f4f38d,Toggl,App doesn't work offline.,negative
efd6651f-b096-43cc-8dea-747431176322,Toggl,"I have to do refresh multiple times, it loads the tasks I added from the web slowly on device even on Wi-Fi connection.",negative
2d387cda-c4a1-4504-b144-dbdf6479ef68,Toggl,Why i cant sign up ?,negative
5819364b-8dbf-4a35-9e8b-0131e91103ab,Toggl,Why is it acceptable to only target phones and not just phones but only portrait mode.,negative
af8a0bd2-9a0b-4bc4-bdeb-0c56f6a3967f,Toggl,"The apps main feature, tracking time, is sketchy at best, and if you are tracking important things like I was, I would definitely suggest looking elsewhere.",negative
760f24aa-e115-4ccc-b0d3-5463b819b2ee,Toggl,After all it's not usable for time tracking - which would be its primary function.,negative
c11c8f63-39cd-4c44-b628-995a936d7078,Toggl,The ability to track my time on specific projects has helped give me the data necessary to bill for hours worked.,positive
9434180d-c237-430e-b510-c32642b2bb49,Toggl,A little sluggish but still one of the best time trackers!,positive
46c874cf-0698-4503-87ae-f6abcd14bd79,Toggl,Login via Google.,neutral
476fdd15-17b5-4e73-a178-ee063c234729,Toggl,Tracking different projects is easy with the tag system.,positive
f76e04e3-e54f-44fe-9f9f-3ea361e5a519,Toggl,The reports system works exactly how I would want it to.,positive
a86e5046-1ac8-42c0-b78b-09c5455b01e9,Toggl,Love the new calendar feature.,positive
ddf21159-932e-4ebd-8950-76250bc756dd,Toggl,"Great platform, also a free account provides a useful professional time tracking experience.",positive
1da02e1b-3af5-471d-851d-d96000a41eee,Toggl,I like the weekly reports and live syncing between devices.,positive
b2dcd4d8-41c4-400c-8bcf-21972d520f97,Toggl,It's to annoying that we must stay online with desktop browser to export report to PDF.,negative
948b7848-e4f9-444b-8a85-3ae721d2c5d3,Toggl,"Also, dark theme finally works permanently!",positive
e284c7d7-9cb6-4140-bc16-d1365207b7dd,Toggl,It really changed the way I track my work.,positive
bca96c5b-49e8-4f50-a6f8-dc31ab672dd6,Toggl,Dark mode is working,neutral
036132f3-6714-4423-a392-5d3c60a4455c,Toggl,It can work online and offline.,positive
1ef4cf7b-4f54-4efd-b34e-4bb1479b3e46,Toggl,Nice to use with the Toggl time tracking tool.,positive
547bff6c-293e-4629-822c-53525f55a054,Toggl,"Unfortunately, the reporting is not as comprehensive as it is in similar apps.",negative
71880fc6-d8e4-4b36-84a6-645bb75808c8,Toggl,No breakdown of time spent on specific tasks within projects.,negative
753a93f5-5539-49f0-a5eb-db5d6440a2a5,Toggl,"Just uninstalled for the 2nd time, it doesn't always sync, hard to change clients, constant loading icon for no reason etc.",negative
21be401a-392d-46b9-a1af-dc64a4b63a3c,Toggl,"It bothers my OCD a little, and sometimes it prevents me from selecting the task I want to edit if it's underneath other tasks.",negative
d5b61b2e-948c-40b3-8df6-72c15961cedc,Toggl,"But finding a way to create a new project is awkward (almost hidden) and I couldn't create one, because it didn't do anything once I inserted all the info and pressed 'create'.",negative
31cb9b66-614a-44ce-8ef0-0460ba99a659,Toggl,But apart from that Toggl is the best time tracker I've come across.,positive
b09ccd57-7bbe-4ae9-a470-4c0f5ec6bba5,Toggl,invoicing and categorizing work are very helpful.,positive
7c5e14a3-d2bd-4567-8775-8d7a476cdcc5,Toggl,UI/UX could improve a bit.,neutral
91367921-4ae5-4bc3-8678-f4435b029e20,Toggl,"The idea behind the app is great, easy-to-use timers to track your work time.",positive
035c2e6e-d44f-4d12-bad6-62d1e0d6efb6,Toggl,"Clean, simple interface makes it easy to read, edit, and add entries, and the button in the options menu (with WiFi, Bluetooth, etc), makes it even easier to track time on the move.",positive
a9bd480f-7c62-41f9-813a-b45ed3a7d43e,Toggl,The calendar is the best way to double check.,positive
a8a5ea29-ca54-4bc2-8eb7-0b58775a78c1,Toggl,This is a good time tracking app and I have really enjoyed using it.,positive
2daa491b-0f2e-4977-9fb1-37f7385b9022,Toggl,"On the whole it's inflexible, and doing anything to try to optimize your workflow with it just ends in frustration and arbitrary barriers.",negative
5e50dbee-1c41-4c93-a921-33edf7e80fcf,Toggl,"For example, can I install this on my baby sitters phone to track her hours, with out using my own email and password in her phone?",neutral
2c033c62-19be-4c76-af99-a9c6780841db,Toggl,I love this app for my time management.,positive
a5fdf8e8-06a9-4ad9-99c1-3d0b8501b53b,Toggl,"I just hate haveing to retype everything repeatedly because its trying to predict what im typing, so it ends up deleting what i did type.",negative
b67a2e94-9430-43ca-808d-683c48363497,Toggl,It gives you weekly reports.,neutral
8217eb51-6257-4131-8909-4682aef434bf,Toggl,"I have been using toggl for years and at some points, I was even tracking my sleep hours with toggl.",positive
31bdbbfb-00dc-4781-af93-ef77c1f6decb,Toggl,"It's easy to use, I don't waste time by tracking time :)",positive
366fc57b-4850-4535-8b13-ffdf62cd5979,Toggl,best free time tracker .,positive
1de5d2b5-2a51-4387-a6c8-909620134854,Toggl,Love the chrome extension and the windows application,positive
7d6687c7-4f72-48a6-bd55-621b343ac302,Toggl,I have tried other time trackers and this one is the best (for me)!,positive
b42a61fb-5326-4066-ad12-992fdb76d16e,Toggl,It's a great help that you can link your calendars here.,positive
5bf8a930-7be0-42b8-91cb-8ed9b902ccc1,Toggl,"I have mostly used the app in the event I forget to log out/track my day, and it's been very responsive.",positive
825ed587-515e-4d1e-82c2-b698e47b9e17,Toggl,Great time tracking ap,positive
8c5f1896-2de3-4226-bbe2-decfdbb25c49,Toggl,This is Handy to have in case I leave a timer running.,positive
0a9bd00a-b3f9-4c14-8a4d-67a40bad6bf0,Toggl,Just good time tracker,positive
898ec78a-f1b9-4475-97c9-1560d08813c2,Toggl,"I miss the old function where you could pause your timer, rather than having to stop and restart for small interruptions.",negative
b7ea4d47-e502-475b-b960-e2412041a511,Toggl,A well designed and easy to use time tracker.,positive
b782b863-37d7-4d0f-be1a-78aca217066b,Toggl,Best time tracking app for me,positive
913cd13d-bfcc-432b-a9c1-703fa4b49911,Toggl,Great free app for freelancers to track their time by client and project.,positive
0e5f9a73-7207-4381-a952-ef4f6c510fa9,Toggl,Great tool to track time,positive
60fc91a3-9951-42ed-8ec1-eb27a7b50f5f,Toggl,Really helps you track the number of hours you're working.,positive
6b7f9581-7b1f-4d96-a3d9-6452929e470a,Toggl,This app helps me stay on track and calculate how many hours that are contributing to productivity.,positive
f1dd865e-7469-42f6-975a-d701f930c0ad,Toggl,This is a great app to keep track of your time!,positive
b5556332-9a26-4e6e-b843-7ba5b168f630,Toggl,I would recommend this to anybody that freelances our just wants to find out where their time is being spent,positive
c43026e3-cf92-4ea6-b121-09ecea9959a0,Toggl,"User friendly and an easy way to track time, along with fun reports and a pomodoro add on!",positive
b7557cbf-e708-47cb-bfa8-6da865b125a5,Toggl,Best time tracker.,positive
d4b620dd-4e56-4e69-83b0-c702a192caf6,Toggl,This app has been great for tracking hours for my small business.,positive
6e5dfbc7-22bc-4ccc-b1a7-a604d339eac9,Toggl,Awesome app to keep Track of time,positive
0160eb56-969a-402b-815a-edc6a9acc5da,Toggl,Best time management app.,positive
8c2c16bd-d988-4a1c-950a-83d363214376,Toggl,"Still using Toggl for time tracking, but the mobile experience has been awful.",negative
5e700476-c30f-4555-afcb-8a20af3d24d6,Toggl,Amazing tool for tracking time.,positive
9af8d7a4-8389-4faa-8bbe-0edb33bc0ade,Toggl,This app has given me some really needed insights,positive
11a0b873-eb53-40aa-8b23-f885d7907599,Toggl,The new version is really wonderful with its ability to not just register but also predict some of my activities.,positive
6d8b783b-d990-4839-b7de-c501d342bb38,Toggl,"Great app, I use it to keep track of my study ND personal project great",positive
f5b45f92-3454-40af-830e-c6c875660b98,Toggl,"Quick to use, nice data and charts",positive
0217a4a1-3bfe-4341-a81f-2061bc5545c5,Toggl,I have been using it to track my time for few weeks now.,neutral
63dbc493-d98b-4bea-8ed2-79aa029d3759,Toggl,The calendar section of the app is exactly what I am looking for.,positive
6284263e-535d-4aa4-834e-cbc9fe4c0f32,Toggl,"I use this for tracking just about every structured activity, not just client work.",positive
19bf59e7-53a4-4c0d-b16d-8a18ff6488c6,Toggl,"Particularly having the widget to hand on the home screen and having the ability to auto populate previous activities, and stop and restart them.",neutral
e3b551c9-d819-4fe7-acf0-f05e0c23c6e3,Toggl,I really like the weekly report summary that comes to me by email.,positive
585aefb1-33d9-4266-8f5b-cb6ce0712d28,Toggl,"However, I can't figure out how to get this report on demand from the dashboard.",negative
1f4df30c-053a-48ef-ae98-1fc0675e5fce,Toggl,"Helps a lot with timesheets, very easy to use as well.",positive
0f91063d-e89a-4981-b66f-6d952c0a1a0b,Toggl,Good timer UX among the other times i have used so far,positive
470fab6c-67f3-46c6-91fe-d393e4e8ccce,Toggl,Easy-to-use time tracking app with web app and browser add-on.,positive
69931488-2264-427b-8e5e-fc586407cd48,Toggl,simple time tracker.. easy to use..,positive
ad943dd7-8def-4529-ad83-9b2ec119064a,Toggl,A quick and easy way to track time,positive
930ed45c-6283-4760-9703-77127c4c34a1,Toggl,Very functional for tracking and reporting hourly billing.,positive
d2f6c4fb-7450-4871-8c5b-5a2624f71402,Toggl,Makes keeping track of time very easy.,positive
7de95baf-cdc7-4d7c-b009-6d0e8c466712,Toggl,I have struggled with other time trackers but never had a problem using toggl.,positive
ed741ecb-9299-4a55-831e-2ee5cb6ec6f4,Toggl,How do I make it stay in dark mode alll the time though?,neutral
17ccfe45-1982-4595-be39-257741ca6f87,Toggl,Absolutely essential app that lets me know where I'm at on hits towards a task per week.,positive
b1f6ec16-c970-4c85-b512-60ee7a4cedf1,Toggl,I use this to track my part time studying and applying to jobs efforts.,positive
8e0a8e62-ebbd-4ab8-8749-0d3689257ba8,Toggl,"Great app to track your progress, it helps me in tracking my new year resolutions.",positive
eb9e4caf-974e-4aed-a2e7-f5d94caf7ed9,Toggl,"Simple, intuitive and effective tracking of time spent on various projects and areas of work.",positive
e1740325-4d43-4c97-adb2-dba821ed0302,Toggl,I particularly appreciate the integration with the Google Calendar on mobile and the Desktop App and the Chrome extension.,positive
2c5f4f01-ebee-47e6-a725-951c5a597415,Toggl,I track my time 24/7 with Toggl.,positive
4babccdf-bb67-4ff9-9c6d-a42c03f2e082,Toggl,I really like the calendar view where i can visually see my use of time over the day.,positive
618008b8-995d-4497-a361-d1f73f8859e4,Toggl,I now track 168 hours using Toggl.,neutral
2fed7aea-db5b-4efa-9f9f-eaf837a1ebfe,Toggl,"This works exactly how I want it to, clearly made by people who've had freelance experience trying to track hours.",positive
7e12ee37-5b9f-435c-ad61-abf4f1482fbd,Toggl,Super easy to quickly adjust a running timer if you happened to lose too much time to your sister calling in the middle of work.,positive
baa7ad21-7c03-4b73-a4d1-76ca91f00bba,Toggl,"Everything is very ""one button, done"" making time tracking as painless as possible.",positive
7d2d0989-4a2b-4c82-8725-55fd068a6f21,Toggl,Reports are helpful for quickly seeing how productive certain days are and getting project hour totals.,positive
b3546065-f161-45f7-931a-8a235f1bb8f2,Toggl,I am so grateful for being able to use this app to manage time ‚ù§Ô∏è thank you so much for creating this üôè,positive
8b3d17ab-5782-4a86-b706-ac828ed4662a,Toggl,Super quick to load to start tracking.,positive
5683d8a8-fa9d-4395-bc23-aebe98daaccf,Toggl,It's easy to use and the ability to export time entries allows me to perform my own data analysis on my data.,positive
47206f64-a7eb-4cc9-9f57-d5d979e717d1,Toggl,That's my time recorder.,positive
05095abe-d408-4209-8427-a97306e13330,Toggl,Usefull for time tracking,positive
bbd678e0-d59d-4b33-918f-4ead7facd2f3,Toggl,Very useful to record bits of work done on the go.,positive
c423db86-9ee4-4473-a54b-0b2a7048a01d,Toggl,"Swapping and changing between several clients each day, Toggl has made invoicing clients so much easier.",positive
61cdde6b-8ba5-4453-aaad-89e37af92d36,Toggl,I find it very helpful to time my hours put in for odd jobs and creative projects that i do.,positive
2ab0e7b2-7bc6-48bd-8056-ee7f3155ee42,Toggl,Amazing time tracking tool.,positive
15a97bce-14db-4004-80a0-ff606715ec5b,Toggl,Calendar integration is neat.,positive
ff3d0e8d-9aa4-472d-b1b3-81591bb52616,Toggl,Great simple timetracker app,positive
0505b4af-59c8-4303-b718-a8360baea8d6,Toggl,Works well for lawyer and paralegal timekeeping.,positive
476ea287-9714-426b-bcf4-f3e815b129bb,Toggl,This app has made tracking time at work so much easier!,positive
cacce319-fc86-47ee-8ed5-edaaadddf976,Toggl,Easist way to teack my time without hindering my workflow.,positive
cd3e1513-68f1-46db-a81e-39c8b475d6b6,Toggl,A great app for simple time keeping.,positive
0ee517ee-36cb-4b10-be01-d662abf9be4c,Toggl,The only problem I have is the time it takes to load which makes it difficult to swiftly switch between tasks and update on Toggl.,negative
de847483-45d1-47ff-b816-c25467771f35,Toggl,"Super intuitive and useful, especially when billing clients and helping me be more aware of how i use your time",positive
137b3885-5c2d-41b6-bdd3-0f876efe488e,Toggl,"Handy tool for tracking time, creating reports, etc for multiple clients.",positive
d22e455e-f8c7-41cb-982d-f0519e666ff0,Toggl,"Simple to use, nice overview and task breakdown",positive
559ed3b1-530a-4381-aa0d-5aba0108abbe,Toggl,Toggl has been my go-to tool for tracking my effort at work over two years.,positive
c837519c-a9a3-47c9-8b35-45b6eb65fdf3,Toggl,Effortless time tracking,positive
b50fd66a-e769-43fd-9144-c02d9b8fb765,Toggl,"does exactly what I need, which is count time I spend on different tasks for clients.",positive
7476bae6-2ff6-44d7-8603-61f4955eabee,Toggl,Options to tag projects and clients seperately as well as timing Non billable hours is really helpful.,positive
c6052d5b-fecf-4111-bc4e-0c9662010efd,Toggl,Well designed and easy to use time tracker with good integration between devices.,positive
900ac382-172e-49e0-8750-9377e69907f2,Toggl,the UX is a little wonky in places (website is better) but it is amazingly useful to stnc up my timers across all my devices.,positive
59173b0e-93f1-4326-82cf-7e833e847244,Toggl,really helpful when it comes to personal tasks and time management.,positive
0e52fbb7-131c-402f-ac0e-df27c1caf871,Toggl,So quick and handy for tracking work on complex projects,positive
38f5a6e5-da26-4b85-8d02-0d4e482e9321,Transferwise,Very low rate and costly to send in bangladesh and India.,negative
760698d3-2ac5-4afc-96cd-1ee9f9fc795a,Transferwise,"It takes them couple of days to activate your account, the fees they charge are too big and their app is poorly designed.",negative
4e6151a9-7726-4489-8a3d-eecba5292941,Transferwise,A friend of mine recently sent me money from USA on Friday 21/02/20.,neutral
1c11c18d-b3b7-418f-8273-cd69f57dc388,Transferwise,"It used to be my favorite money transfer app, however it is in the last transfer so terrible.",negative
01989c62-5ccc-4008-931e-f576f58961ac,Transferwise,They said I authorized them to credit the money directly to my borderless account.,negative
a4b78973-44fa-492d-9554-9ca33fd6ce2a,Transferwise,It's a decend app but it's really annoying that sometimes the transfer takes 2 minutes and the other time 3 days... no logic behind it.,negative
ce3dc97d-59fa-49e5-b857-69243f6d8807,Transferwise,"The app is good, but they close my account with them for no reason, I can't tell why them deactivated my account.",negative
0c3272a4-b9e3-4d1d-b65b-99dc7f675ac9,Transferwise,"Iv been using this app for a little over 6 months now for day to day spending, online transfers, direct debits and having my salary paid into.",positive
14f8bee4-063b-4c69-bc19-e8668cce9cf8,Transferwise,But this morning iv woken up to an email saying my account has been deactivated all funds are locked for at least 60 days (all the money i need to live off at this moment) they are withholding any information on why my account has been closed down.,negative
04d3bf4b-59ad-4e14-b932-cff0bd149a00,Transferwise,They claim they pay the highest rate but it is lie.,negative
7b4d559f-81cb-45f8-b3be-38b4d4321213,Transferwise,It is an excuse to charge higher fees.,negative
657a9884-fe2a-4bb7-b09b-337d8486a707,Transferwise,this application is not working fine I made a transfer since three day now my transaction was cancelled and I requested for refund they reply me it will take up to 3 - 5 days to refund it back and they didn't refund it up still now ...TransferWise need to work on this here is my membership number (p8096266),negative
ebfa5071-fbb3-4e65-b3a5-573d04ae7682,Transferwise,"After nearly two years of transferring, my bank is no longer on your ""list.""",negative
5f0d0112-f845-4597-98d7-deac252acf39,Transferwise,Sorry we currently don't convert Malaysian Ringgit to PKR (OR ANY OTHER CURRENCY) WHAT IS THAT?,negative
14a2c8c6-420d-4f96-8374-1e16e3bfec89,Transferwise,I was hoping to make all my international transfer using this but this is so disappointing.,negative
da9bc378-5642-4824-9dcf-0a69c4dd5d1e,Transferwise,I made 2 transfers on the 17th Feb using the app.,neutral
f401561c-c5b4-4cfd-baa3-966dfdb964f7,Transferwise,"Sent money, and only after I paid app tell me that money will send yo reciever only after they check documents which is take 1-2 days, what for then you even let people send without verification?",negative
e2c3b99b-5b60-47b8-ad44-3ccf7a57247b,Transferwise,Been trying to send money for the passed two hours and it's not very user friendly.,negative
88df69a9-9b1c-4b75-be40-ba149463bcc1,Transferwise,You signup and verify your account .. and when someone sends money to one of the borderless account .,neutral
fdc77997-64a6-4230-b2a3-629e5a32c428,Transferwise,You create and Account and verify it.,neutral
acc31f1f-700e-4295-b462-cf8805c0f548,Transferwise,They will just deactivated your account without any notice.,negative
51abcb3b-e722-4f23-bafc-7426a5bf21aa,Transferwise,"I can't send money to my home country, is not included in the options.",negative
1468fa1e-e432-4a03-8cd6-fef41855428f,Transferwise,Very odd process of estimating transfer cost and then defaulting to an unrelated transfer.,negative
215e1765-c7c9-4cd7-b195-db1d96185fdb,Transferwise,I really dislike having to contact the support to get my account closed.,negative
4408d5f3-a446-454b-aaf3-aaf5f1d7c445,Transferwise,someone hacked & tried to login to my #TRANSFERWISE account.,negative
e1b9fe2f-5f13-4c3e-8a67-aca8cb7750b2,Transferwise,transferring money delays initially they promised an hour of transfer.,negative
330f1a93-482f-4386-98ae-8f23b8abd11a,Transferwise,"This application is 1/10 for my liking how can you guys just block someone with out a reason and customer care is frustrating, and my unpending transfer ow we i get my money back?",negative
dc993b46-d4c8-4635-9349-844ecccc1177,Transferwise,I made 12/02/2020 multiple transfers totaling over 10k in euros.,neutral
20c7d2ea-42b7-479c-9ae9-d14b83ef62b8,Transferwise,Thanks for letting me know when I sent the money already.,neutral
84fa7bed-0f98-45ed-85ed-c1ad40d14d5e,Transferwise,After a week of transmitting my money the app confirmed that it was sent to the recipient.,neutral
8ec12d2d-7546-4bbd-96b4-787520250e02,Transferwise,Great way to transfer money between international and local accounts.,positive
2a0f5c02-dc1a-4980-bc21-4045391daa46,Transferwise,"Wow awesome this good apps, I can shared my money to my family it's very fast with cheaper fee.",positive
1590daf3-80ab-44c1-b9e7-52fc377298ef,Transferwise,Excellent rates available.,positive
59a4578e-49a7-49d1-8a77-d09c96856b87,Transferwise,Just requies 2 to 3 minutes to complete your transaction,positive
164ff1bc-b423-4b90-8c9b-2070983cf765,Transferwise,Great transfer/exchange rates.,positive
489a4511-dbe5-4015-9c3c-c76b0b394c91,Transferwise,Very convenient for sending money home once you get set up,positive
d2365bca-dbae-4ff4-b87f-238af3f6e2bb,Transferwise,This app is the second app am using to send money to Nigeria and it is the fastest and best.,positive
82537c79-277b-4cdc-abb9-9691e14ac4e1,Transferwise,So so easy to use and really good rates.,positive
5e52a119-14a4-4ef4-a46a-06614a50a4c5,Transferwise,Sending money back home has never been this easy and more efficient.,positive
f2f5f0a8-43dc-4dec-87b4-86b909b97448,Transferwise,"So easy to use, costumer service is brilliant and transfer money to any countries is cheaper than any banks.",positive
4afd237e-fd11-4260-83a3-9854f5c5b9c6,Transferwise,"Easy to use, excellent customer service and great rates.",positive
9951086c-9186-48ea-81f8-af9d57d08f4a,Transferwise,I'm happy by this app very fast transfer and working excellent,positive
39b1a4f0-0d9d-4f46-af98-c82971e68ad8,Transferwise,I recently transfered my tax return to the Philippines without any issues.,positive
c9e679ff-3195-4a63-aa1a-c0e6dd21f697,Transferwise,I have seen many negative issues but this last transfer sealed the deal for me.,positive
14392ad2-5798-44e2-b78e-a4303fc7cbf0,Transferwise,"Not only do they offer the best rates on the currency transfer market, they can be trusted with your hard earned money.",positive
eaa2975f-ba7e-4a6f-960f-b9e5a8041632,Transferwise,"I was amazed by how promptly the money was transfered, within 4 hours!",positive
3bba9399-5cc0-4efa-ae0a-83f3de93f71c,Transferwise,I highly recommend this company for all your international currency transactions.,positive
16d700cc-e98c-4b2a-a835-542cd71e9b2c,Transferwise,"100% genuine, very good exchange rates and very rapid money transfer.",positive
3d7e70b7-df91-437b-b983-51fe0ce72539,Transferwise,fastest transfers money from Aud to Thai baht,positive
17d693e6-7b98-4fdc-a2fd-7247745d72f0,Transferwise,Ideal for multi-currency accounts.,positive
c91cb017-8571-419a-8f7a-e1d5e58d8cfb,Transferwise,Very flexible and allows easy cross currency transactions your bank will normally gouge you on or take days to complete.,positive
0065a9d5-c887-4cc1-a5c8-172cc339ea75,Transferwise,Knowing the rate you get removes all uncertainty and the rates are great.,positive
be7c03f8-26c8-434a-8f3d-1fbe295b8d8f,Transferwise,Flipping between currencies is easy.,positive
c9aca81f-7cad-4505-8aaf-7c808f5bffb0,Transferwise,Best rate and efficiency,positive
7009e030-841b-4132-9993-96863e561a45,Transferwise,"After few feedback and they get back to me promply,i know its bit frustrating where some guide is availableüòÅ.can trust this app for your money transfer via country.now making a 2nd transfer due to covid-19 spreading without we notice and unable to travel home.",positive
77fd1cba-a418-44dd-a725-d0bceeece281,Transferwise,Have not used my card but I love that Green,positive
44b87965-7282-4e1f-ae73-1c7c8ddf33b5,Transferwise,"I just felt surprised, how efficient this platform to transfer money to other countries.",positive
e32da856-361a-4d15-afb0-7133db7f3624,Transferwise,My experience is transferred money from Malaysia to Indonesia only took less than 8 hour until the money received by 3rd party.,positive
f771f90f-3e03-4335-b318-de472bae9f16,Transferwise,"And i dare to say this, the best exchange rate I ever seen compare to banks",positive
f74cd0bc-a528-4460-ac31-ba914a1c910a,Transferwise,Easy to use and an excellent exchange rate,positive
c53d0dd6-916c-4dd8-bac2-f93ca2ab4453,Transferwise,"Easy sending money, the app easy to use, good customer service, cheap fee and the best rate.",positive
a77fc612-2ea6-496c-b9db-a5af5c38ea42,Transferwise,I frequently explore it to check FX rates.,neutral
edd21bd4-de2e-49cc-8d50-3f0311f84845,Transferwise,"So very simple to make transactions, it's scary.",positive
1812608e-ffa6-426c-9c91-41376f1b23ca,Transferwise,I have used this app to transfer money to my brother in Sri Lanka.,neutral
f6f8b4ae-32e1-41af-9070-e129d500f4f7,Transferwise,Excellent app to transfer money.,positive
a47b3149-c9fe-4592-9a5a-f79d243e04a5,Transferwise,"Easy to use,transfer was quick enough and fee for transfer was reasonable.",positive
efe1cc90-a7ab-497d-8cc3-3ec00983fdc1,Transferwise,I couldn't believe the speed of the transfer when I sent money last time to Sri Lanka.,positive
f51cad5d-593c-41fe-8802-67ebf5fa56a4,Transferwise,Money was received in the same day in Sri Lanka.,positive
0b454e59-59cd-4eba-a89e-61ee1131a462,Transferwise,"It's clear to see what currencies you hold, and easy to convert when you see an exchange rate that you like.",positive
65115fe2-e013-4082-ac75-16cdbeb6036f,Transferwise,Maybe I do not travel a great of a deal but it has made my life of exchanging money SO much more comfortable.,positive
c0a4d5e9-9d09-4fe1-bdf5-d1c704174137,Transferwise,All transactions have been seemless.,positive
e00f0485-1bfd-4c37-a85d-0d7e1ff15c75,Transferwise,I've even just opened a business account to run my business and clients through this too.,positive
5e29a479-bc12-446b-8f82-325155e37dcf,Transferwise,"Well structured app, great rates and flawless execution.",positive
4c054976-5788-4c00-b4b4-df7dbbbe2294,Transferwise,Minimal fees and instant international transfers.,positive
f202c208-5b98-4b02-bc30-b4f94358dabe,Transferwise,"I hope I will give a 5 star in the future..registration easy done ,,approved after less than 2 hours, email confirmation fast done,my card is on the way,,,(10 days,,,inside in Europe).. everything looks smooth.",positive
69e720e4-e1a9-49fe-9067-17b9056315d4,Transferwise,The best and most uncomplicated app for money transfer that I had dealed with.,positive
20828f0a-d91a-4c46-a6e6-7d46ee0fe991,Transferwise,Good app for transfer money abroad.,positive
9f8990b7-b0a3-4953-9535-feb830428aba,Transferwise,I like this app very fast transfer money when you send other account.üëç,positive
b6eb5e61-719a-47d4-b0b1-9fb55cd2af4d,Transferwise,"Very reasonable charge, up to date exchange rate and money gets transferred within minutes.",positive
a12f9910-06d4-4015-a48e-f03ea5f29ecc,Transferwise,Very easy to use & reasonable rates.,positive
b1c59923-a4c1-4222-8c58-dddc59175c4e,Transferwise,Excellent rates and instant transfers enabled through Transferwise üëç,positive
62d53d0a-2f41-4d7f-a578-bf72a831b28a,Transferwise,Perfect for all sort of transfers better and faster than bank transfer!,positive
4b04d589-d793-4ab8-823a-8c7585ad7983,Transferwise,this is the best money sending app.,positive
c383cdba-a447-4402-8352-3b6aa57f9df5,Transferwise,i always transfer money to south korea and i tried out other apps but they all either do not transfer to KRW or the bank account.,neutral
b8e2b641-6d7e-4457-b635-efdf4b51cac0,Transferwise,"i've tried transferring money to other HKD & JPY as well, and they were all successfully sent.",positive
57d9df21-4e68-443f-ae68-413087749b4a,Transferwise,verified payments fast & also transferred fast!,positive
74a88c19-f661-4fe3-9847-6b21670dd7b3,Transferwise,Really great and much better rates than traditional banks.,positive
15c83224-d74c-4755-9154-3711a5becea0,Transferwise,"A great, cheap way of accepting payments from abroad, transferring money, and spending in other currencies.",positive
ec12eb7e-b515-4ff6-850b-d76e6b502c85,Transferwise,This is the best ever current account since I have opened this account very happy 10 stars from Cristian Buzan very convenient app and customer support are in the top.,positive
10fbbc34-000a-4335-ae9b-ac28a26e2cd8,Transferwise,Great App.Easy to use with low tax rates.,positive
50df359a-a752-443b-900f-32ceb2098646,Transferwise,The best money transfer app!,positive
883f2024-f831-40fa-b2dc-68b5c1925c61,Transferwise,Great transfer rates and easy to use app.,positive
ef5d8ace-a1e2-48c9-aec4-708fcb7e3880,Transferwise,"I was worried because it was so easy, every other way I've tried to transfer money was difficult, complicated and expensive.",positive
deca1618-d404-4a79-8555-03cfdc802293,Transferwise,Love the low international fees!,positive
a3f558ff-e90a-480e-a1af-9498b09833bd,Transferwise,"Smooth Transactions, fair transfer fee's and very fast!",positive
9ff75fe7-6a62-45f0-901c-2bd4d9ccf415,Transferwise,"Doesn't matter whether weekends or weekdays, your get your money the same day üëèüëèüëè Kinda hard during first transactions but after that, it was smooth sailing üëåüëåüëå good job!",positive
8b7caef0-3d2e-4243-b399-6f759bd4ff49,Transferwise,Nice It gives exact value for exchange and transfer fee is also good.And it is quit fast.,positive
08227f1e-85ea-4a1a-b400-16abbac86967,Transferwise,"4,000,000 limit not enough.",negative
d2c1ea8d-8659-4df6-804b-48819aa862d4,Transferwise,At least 20million per transfer when sending to Nigeria bank,neutral
582bf4a4-2613-4462-a6ba-91e6fe7d067b,Transferwise,"I like the way it gves you the progress of the transfer, so you know the status and you know exactly where your money is.",positive
bdcbeeb7-9408-4f8e-b1f7-dd4525b6b88b,Transferwise,Nice app for overseas transactions,positive
7328569b-8d26-405d-96a9-4a261a07ee0f,Transferwise,Fast signup and verification and good transfer rates.,positive
3c064d03-3169-400a-acbe-64b11850319e,Transferwise,It's easy faster and secure app to send money.. it's very good app,positive
00a6124b-dcfd-48d9-be3a-75a53921bf7f,Transferwise,Very useful and best rate,positive
bb413e8d-ef18-4083-8867-cdc8f9ee718f,Transferwise,"The Mastercard and virtual UK, POLISH, US account is absolutely wonderful.",positive
2f982b94-0295-4d61-ad99-fd75dd34d58b,Transferwise,Best Financial services for transfers worldwide!,positive
e4455123-a34c-446f-9202-aac86e146d3c,Transferwise,Quick and easy to use and great rates!,positive
b59e27a6-b2f9-4049-be49-d0b44738fc3d,Transferwise,I use my card to buy things and send money abroad too.,neutral
f0e98e64-a1ee-4d2e-8fc4-5471dd3f77a9,Transferwise,Very practical card and app.,positive
472b7072-df40-49cc-9f52-dccafbf9536d,Transferwise,Great app and easy to manage your money Sorry for incorrect comment previously,positive
6c16f8eb-0f90-47d9-92a5-a9ecaaf11ddd,Transferwise,Super fast internationals transfers at great clear rates with no hidden costs.,positive
e4170aa7-3ddb-44ca-b207-b4e877103139,Transferwise,And to top it a free card and local bank account!,positive
5ad17f9a-2ff8-4677-a95b-02a9eba525c1,Transferwise,"Have used many times, the first transaction takes a little long but since then I have not had a single problem.",positive
5921a73d-e023-414b-b0cc-001173c61ece,Transferwise,"Very good app, fast and secure transfer.",positive
3a5813bf-b55b-47ad-a6ef-b499a0610c9c,Transferwise,Being a frequent traveler and months of working in difirent countries every year..Transferwise is by far the best thing that could happen to me for transfering my money to my accounts.,positive
bc1d6b28-65b4-465c-bd29-345b26cba3d3,Transferwise,Easy to send money from another country.,positive
1bffd737-5a90-4f38-9b1d-7cf17065ad80,Transferwise,"Amazing, trustworthy, fastest, competitive rate... Thankyou transferwiseüòäüíû",positive
4ce64b96-a1c5-4c46-816a-9edc292197da,Transferwise,"Great way to transfer money between countries, without getting ripped off by the banks and their ridiculous rates",positive
ca3520d7-466a-4e9f-9920-c089a06f583c,Transferwise,this company is great for sending money.,positive
9eaefd94-8080-4d71-b8b0-1657e5f349f2,Transferwise,"quick transfers, less bureaucracy.",positive
af3bc0d6-338d-41dd-b46c-f4c61fb2b4f9,Transferwise,Amazing instant money transfer.awesome,positive
474babab-460a-42fb-8529-d3e3ed66f601,Transferwise,Very easy use to the app and can send our money in fraction of second.,positive
673b923c-8f07-4449-8dd6-dd4da9450939,Transferwise,"Very easy to use, lowest rates by far",positive
436703a2-7080-4eee-ab70-e1b0151da0d7,Transferwise,Good rate and fast.,positive
ea38a8bc-724f-4554-a650-2ccadea06e01,Transferwise,It was fabulous.. My family received money some few minutes..,positive
ee4bf7ca-0211-4ba0-a45c-7f8e378fa1fd,Transferwise,This is a good one for transfers your money in whole world..,positive
74db463c-fa68-4ff3-a086-46cb0ff3100b,Transferwise,Easy as once do afew transfers..Great app,positive
824f6901-63b7-4daa-a8d4-0337ca9516c8,Transferwise,Best ever money transfer app.,positive
3fce94dc-406d-4b26-a6cb-ae492b9bfd65,Transferwise,Just a heads up: on weekends you will not get instant transfers,negative
3163776d-fbba-47d9-bdfc-0646c82f1806,Transferwise,"The first transfer was smooth, however a bit slow, but so far I'm satisfied.",neutral
fc814102-e766-4ae2-9c4e-2f6a883ac26b,Transferwise,The best way to change my Eur to Huf!,positive
394f2ac1-e26d-4ac2-a5ac-9237efc810a6,Transferwise,"Best and fastest way to send money across the world,with the best fees,if you choose fast transfer,it will arrive in a matter of hours not days.",positive
e5c9cae5-220d-4c6f-833b-6c0e4eb2c37e,Transferwise,Also you can get free bank accounts in TransferWise!,positive
21cdc529-b266-4ff3-abc3-c1a2ac988be0,Transferwise,"This is an awesome, transparent and clearly thought out application with the best rates you'll get.",positive
0405d153-cf60-4501-a010-af7e69b74732,Transferwise,(It even tells you if there's a better rate elsewhere) The application is not only intuitive but extremely impressive.,positive
6b6992fc-5d75-4b4a-902c-48f13bb0cbe1,Transferwise,This is what money transfer should feel like.,positive
fde7bfab-037f-4afb-95da-6cfb16992926,Transferwise,Its really a best app to send money home.,positive
46d5fdd8-1940-4ec0-a73c-fd13de46b512,Transferwise,The best and best app ever to send money overseas...,positive
8127b03c-7e0c-423d-a276-5cb418b04dd0,Transferwise,"Borderless account is the bank account of the future, available today.",positive
2d50688d-c99d-4c00-8ac5-69d601714d11,Transferwise,My first international transfer was so smooth and seamless,positive
9101c070-d185-468f-a235-222e965b2592,Transferwise,Need to verify my ID.,neutral
cd554c64-e051-4b3a-a7c6-cd03bce5d002,Transferwise,"Always loved the app, and now with Debit Card, really nice!",positive
e8ae1199-6cbe-4583-8c70-f5852d6cf9cd,Transferwise,I can only edit the description.,negative
7b781a45-af2c-4625-94b6-67f9fbd25655,Transferwise,"Also, I would like to know if it's possible to edit a repeat transaction.",neutral
5ad3d170-7882-45f8-8d09-79833baaf4b9,Transferwise,First transaction was good.,positive
590317c8-69db-4e43-95ac-a687ddaec4b0,Transferwise,Everything else work fine (from notifications to reactivity),positive
89b73c91-0acc-44b4-ad80-ff6818c874c6,Transferwise,"Transferwise has good FX rates, especially compared to traditional banks.",positive
5fc97fb0-2940-42b5-aaa3-941823559597,Transferwise,Once bank account details are set-up it is easy to move currency around.,positive
57096405-03a1-40a8-90d0-4183f6cd7421,Transferwise,"For example, each currency has two separate ""add"" and ""convert"" actions, but non of them can be used to convert *to* that currency using your TransferWise balance.",negative
b2cf2a2c-159b-4981-9299-1880e0e95109,Transferwise,I haven't received my my debit card yet( requested 21st of January.,negative
df76fa29-cb3c-4bc4-b834-e291a5c60dbc,Transferwise,"they brag about themselves on their debit card and hou cheap than any other company, but I just have no other way to use my money on transferwise's account.",negative
0acdff98-eaa8-49a0-8503-3fb4fefd391d,Transferwise,Updated I ordered again and have received the debit card,neutral
d7d21ff8-78cb-4581-b81a-461c41e72666,Transferwise,Is it possible to transfer money from India to Malaysia?,neutral
d7a49a0b-a770-4073-99bb-29f87bbb240d,Transferwise,Overall good but still chargers are too high and exchange rate better but not so awesome,negative
5c102a27-c842-4cf3-9a2e-029edb3c9a7d,Transferwise,Because on Sundays and Saturdays It does not transfer money.What if a fellow needs money on Saturday and Sunday in Emergency?,negative
3c327230-3e84-49fb-91d4-f61840050573,Transferwise,"The transfer process is quick and smooth, and my money arrives right away.",positive
fc65c723-767b-46ab-9fa6-817a0856297e,Transferwise,Why can't I see my account details?,negative
7d41bb29-2117-431d-8fa2-2b7fdab313b9,Transferwise,And why can't I see the bank details of my activities?,negative
71b0fb5d-1d83-4d27-991f-acd0affab5da,Transferwise,"page where you choose the method of payment, presumably the higher the fee, the faster the delivery to your destination.",negative
705ac13f-519e-4275-8cd5-23af9798ceef,Transferwise,"App experience is smooth for fast transfers, but they charges thrice the fee which they showed at the confirmation screen.",negative
863d2263-a243-4340-97a4-e6e61812e317,Transferwise,"When I raised the support ticket, they are saying it's an international card.",negative
414a9c2e-bd18-45ac-a2fb-47ba91ea03a2,Transferwise,With out customer consent or also not showing at confirmation screen how they can charge that huge fee.???,negative
ba54e839-a599-4f5e-8575-3145530859f6,Transferwise,"Update : Sorry to say it was Never showed me the updated Fee, Only I got to know after completing the transfer.",negative
217e48f9-24a3-4a69-870a-5164b9bc6d9e,Transferwise,iOS users can see incoming funds from the app.,neutral
bcc39b93-b490-46a9-9ee9-176dc3461ebf,Transferwise,If I try to add currency my bank sends an email with a verification code.,neutral
ccadc3b5-f67a-4ecd-ad86-cd592768b404,Transferwise,I want transfer money from India but it says the application is on beta.,negative
7df1dc1e-e6f5-4d5f-945e-de6c3cbe3b03,Transferwise,"Another thing is the minimum i could transfer is Rs 50k, you gotta be joking.",negative
4a142da1-a3f3-4544-9526-40997157d650,Transferwise,"My MasterCard Platinum and Visa Gold from a Nigerian bank, which works without any issues in any operations, are not working with this app ***EDITED*** After reviewing the issue with both my bank and TransferWise none can explain why it happens (seems I'm the only one) So I could only make transactions of max.",negative
d82b4475-f077-4229-b2fe-81c098269255,Transferwise,"$500 at once through my debit card But still there is also a daily limit for debit cards of $2,000, and also a 5% commission fee added to the payment, making imho the transactions not interesting through this service and I'm ending with same cost of a traditional transfer, or even higher.",negative
229ff480-e5aa-4fa6-9c60-6aea70c285e7,Transferwise,Now you have to search for the logout button!!,negative
739dd5e7-ad15-4878-8c29-26aca6784eb5,Transferwise,Lowest fees of any provider.,positive
90631382-2338-46b1-b312-8f501a4e6477,Tripadvisor,Easy to find valuable information and reviews as well as add reviews!,positive
bc6c9d0e-1205-4887-b2be-a3bef35b55f1,Tripadvisor,"Perfect for travelers, I always look for places to eat here.",positive
5d46ab8e-2b11-4baf-af4d-ecbb976536cc,Tripadvisor,Good suggestions.,positive
81328699-efd0-451b-8e3e-aef43ed72112,Tripadvisor,"Easy to find the best deals in the area your going to whether its finding hotels, dining, or things to do.",positive
975e580d-f9a2-457b-90f4-0a5597ac4de0,Tripadvisor,How can an excellent Android app go from bad to worse to mediocre...it's like a golfer changing his or her championship swing several times then not being able to break par again...the tablet app is useless...where are we to find one's saved trips or whatever....?,negative
dccb066c-cfec-426d-9a38-ae535df574d6,Tripadvisor,This is now my travel buddy and always helps as reviews here are genuine by people so it helps you to choose better place..till now whenever I compared and decided based on TripAdvisor I never regret..keep up team,positive
cc3edff3-5361-4d8a-b657-93bbdc74c6e4,Tripadvisor,I love using Trip advisor I post a lot of places where I've eaten and I also have found some amazing places to try other people have shared their experiences.,positive
654a1ad7-8787-416d-b318-7f97afef2fda,Tripadvisor,"Always use this app for booking hotels and restaurants, especially on holiday.",positive
773f6f5b-bb10-4041-9449-97e23ded6591,Tripadvisor,"Awesome app, helped us in booking best hotels, best day trip packs.. App reviews helped us to decide.",positive
31078503-01e5-486d-996e-6245978972aa,Tripadvisor,Sometimes it helps to choose best option among other options available with best cost and quality,positive
5cec01a4-e596-4bdb-b41e-2c7e2d9a0321,Tripadvisor,"Very interesting to know what people think of resorts, hotels etc.",positive
6019b80b-e7a0-42f6-9f82-f7f63feeb68a,Tripadvisor,Love the restaurant rating feature,positive
91f7fca7-8ea8-42d0-a534-0bab9b6af753,Tripadvisor,"Besides my wife's cousin, this is our favorite way to plan a trip.",positive
967a7b57-2d30-47ef-b4ff-b1fc04b9b74a,Tripadvisor,This is my go to source for honest feedback and tips,positive
66324fc5-07b8-44fd-afb0-7e7d0a6c4f30,Tripadvisor,"I tend to write reviews of places as I go, good or bad.",neutral
7356b6eb-bbaf-444e-9226-bdc792076432,Tripadvisor,Very good app 2 have .like 2 c persons different reviews of hotels .apartments and destinations..,positive
83af80e3-5e21-4712-87f3-99f65915bb1b,Tripadvisor,Great deals ... use it often.!!,positive
6358eec1-e431-4ee3-a37f-2d5c55f6b46b,Tripadvisor,Love using trip advisor as a tool to plan trips The forums are really useful,positive
67111210-8108-4b36-be9f-0831d9688235,Tripadvisor,I've found some of the best restaurants and hotels on this app.,positive
dca792d2-93fc-4ee9-ac21-c8d1aab534e0,Tripadvisor,"... always use the information provided to assess, and plan my destinations ...",positive
879162dc-eac4-48e8-b60b-58242d7f94eb,Tripadvisor,Gives unbiased reviews of places so I know what they're like before I go.,positive
ee3a41ac-ec20-44c7-8022-2f25712730b9,Tripadvisor,Always has places I want to check.,positive
e84c7147-5c7b-426a-97bf-365b9c31f112,Tripadvisor,"Really enjoy the reviews, is my go to source for lodging info while traveling",positive
080493de-c5d7-4799-95af-a0d206318325,Tripadvisor,Great place to look up new and exciting places to go.,positive
5e34f391-019b-4066-a2b2-d15823b6a7fd,Tripadvisor,"I can always find great restaurants, hotels, and things to do.",positive
957debe7-ca15-46ec-a8c5-fb41cb2ef121,Tripadvisor,Excellent app to plan your trip.,positive
3856ba65-c0e9-4cd9-b10a-61609e820fa8,Tripadvisor,I planned by tours of Bali and Jaipur with the help of this app.,neutral
5d3de4b7-4014-4f33-a1ab-037d9ade2ad2,Tripadvisor,Very useful easy to navigate full of all the info you could ever need for planning an evening out with a loved one or booking a far away vacation for the family.,positive
a7ddd7f7-eefe-46b5-b210-232f61928d58,Tripadvisor,"Great App, helped me alot to check oit giod deals for hotels and restaurants.",positive
380f64d7-8215-4cc9-9ec2-6fe8b4c528c7,Tripadvisor,Great app to find things to do or where to stay,positive
47035f09-06d1-472c-a61e-a17f9c61d827,Tripadvisor,So we use this app everywhere we go to find places to eat.,positive
c720b4c1-8bff-4c96-9679-565e8a75aa4d,Tripadvisor,Great reviews great rooms.,positive
35438e8e-c0ec-4711-b079-e16c98fefa57,Tripadvisor,"Always honest opinions, and a great reviewer of hotels etc.",positive
8fca6cb0-7cbe-49d8-a3e0-2221f1cc8200,Tripadvisor,"Excellent It gives clear cut vision of hotels ,places to visit ,what all are best we can visit.",positive
b7bfa81d-9ca7-4122-aa53-56062bf4dab2,Tripadvisor,Great place to find reputable vendors.,positive
2e379761-40f5-4451-8491-d4d2058b162a,Tripadvisor,Excellent Information and easy comparison.,positive
dec8b546-be09-41f5-bec6-d679df78e507,Tripadvisor,They'll even recommend other sites with cheaper rates.,positive
159bef1b-2622-4b9f-802c-a2f85bf8fb7e,Tripadvisor,"Best app for hotels,places, restaurants and bars.",positive
3837813d-a53c-46f4-ab45-4fda61e78a21,Tripadvisor,"Love this this is my go to, especially forums and booking activities, very helpful!",positive
71582953-fc5f-4cf9-85b9-e83436d79299,Tripadvisor,"I like having this easily distinguishable icon on my phone to quickly access all the info I need to find what I'm looking for and write an on the spot review, before I've forgotten.",positive
266b1c53-a644-460e-b6a4-700da3b7e950,Tripadvisor,The application provides user reviews that I read to find local eatery or attractions when I'm on vacation.,positive
eae6f294-8496-4e71-b493-8e1a147ead07,Tripadvisor,Very helpful hotel reviews,positive
80bac822-eb83-44d5-bbd1-90a610052180,Tripadvisor,"When reading other reviews, I take both negative and overly positive reviews with a grain of salt.",positive
25465a36-2ddf-4285-96ba-81a0765c9cff,Tripadvisor,Great that i can keep notes as wellüòé,positive
675ff319-fca3-4fb1-80e0-aea264f48b28,Tripadvisor,Always had good recommendations from real experiences.,positive
9e3a7c89-a378-496c-9582-c520b9273dfb,Tripadvisor,Love to share both good and bad experiences on TripAdvisor,positive
2f3391e0-e33c-4487-b9fa-5c96a1ac0f99,Tripadvisor,"Enjoy finding new places to go,things to do and places to eat.",positive
ef8385ff-c048-4fa5-86c5-34d273a04c64,Tripadvisor,Useful app to find restaurants and accommodation.,positive
c6e911d4-d586-4a8e-b96f-47daf63ed692,Tripadvisor,You just have to take some of the review with a pinch of salt,neutral
4974819d-900c-4897-ab1a-b92511e4a7f3,Tripadvisor,Makes holidays so much easier to plan.,positive
3d427f6c-2aff-4762-a42f-4fb5a412441b,Tripadvisor,"If you go for a meal, tour, show or shopping, you get the address and reviews so it takes out the unknown element.",positive
61344dbd-8200-4692-ac3b-0deb69b02bc2,Tripadvisor,This app makes finding a great place to eat so easy,positive
72fe1d8f-d9f8-47d4-bbab-2bf5ff84f1fa,Tripadvisor,I always go to Trip Advisor to find accommodations and things to do in any place I plan on visiting,positive
424201a3-b71a-477f-9e82-671e0e212fa7,Tripadvisor,Very easy to use and very useful when travelling to find good restaurants,positive
16232dc0-2586-4d84-b912-76a3dac1b708,Tripadvisor,This app is great to use to plan your trips.,positive
ce03820a-5b9a-4210-b6ff-f94079a1a13c,Tripadvisor,It tell you all the top attractions and give you reviews on restaurants and bars and other places you want to go.,positive
551e2c2f-8fe7-4c1b-9702-610a363d378f,Tripadvisor,Always great hotels prices restaraunts and any other help you need with the revewes.,positive
542dfbd9-2d5f-4801-b07d-48a649951a27,Tripadvisor,I can choose restaurants that people have given good reviews and I can put my own reviews in so next time in that area I can remember which places were best.,positive
3b8fc78e-cc22-461d-8c75-00c17d73c3d2,Tripadvisor,Great app...awesome information on trips and hotels....etc,positive
52b2c2e8-23b3-4822-b2c4-6266d7468c1d,Tripadvisor,"For me, the most useful part is reading the travel forums where you get local expert's advice and answers to questions.",positive
670e9cf8-b640-4334-9d3d-2d603692db12,Tripadvisor,Informative and highly recommended for hotels and trip reservations,positive
3a3cec6e-bc8f-4e0f-bca4-203327defd22,Tripadvisor,"for writing reviews, & reading other people's reviews regarding their opinions on places they've visited, dined at & stayed at!",positive
d01e4f24-f8a6-409e-9a45-bc656fff1cd9,Tripadvisor,I have found real gems (especially restaurants) this way!,positive
9cc784f1-3661-4438-b133-3a494ef6b141,Tripadvisor,I love the advices!,positive
bcfb35fb-912a-48f5-aada-97da59e79a33,Tripadvisor,Very helpful when booking holidays,positive
a4ac0c6b-703e-4fc3-b318-45da0a74d9a6,Tripadvisor,I always check trip advisor reviews before I visit any place.,positive
ec8663ae-c15b-4899-b2d9-4c042378ba0e,Tripadvisor,Love this hotel,positive
a38aff66-65f0-4541-9807-bfc82f55c153,Tripadvisor,Easy to use and handy just to leave a brief description of one's experience at a location.,positive
890a62b8-6656-4eb1-a567-5bb885d3540a,Tripadvisor,Always check this app and its reviews before I make a final decision.,positive
8d3e74ac-c0f3-411d-9128-ba628421a45a,Tripadvisor,It is very informative and reviews honest not filtered.,positive
56da5a01-5d8e-464f-8f07-ef30ab2e839b,Tripadvisor,First time I used it I was led to many different restaurants to choose from in the city I was currently staying.,neutral
7509b5bb-c4c9-4da0-928c-18a95f7e276f,Tripadvisor,Love to use as a guide and the see whats going on... Easy to use too,positive
8b149722-6070-47cc-8aa5-f11d8881a249,Tripadvisor,Always use TripAdvisor when planning a trip.,positive
a3031f6e-8589-41d1-8164-ed5d650a23b8,Tripadvisor,The reviews and pictures are very helpful.,positive
a723a588-05ca-4377-bee8-5e02a8d25a8d,Tripadvisor,Great for finding restaurants and activities near you.,positive
da7cbf08-1a8c-431d-bfc2-644f32a40aba,Tripadvisor,I enjoy the app when planning vacations and get-a-ways.,positive
6bd988e2-d087-415a-ba27-c25ca75273d6,Tripadvisor,It's more than just hotel reviews.,positive
c79a3dd8-19ab-4ad2-a9d8-06d128824ca6,Tripadvisor,"I enjoy reading the reviews, recommdations and tips from others on the destinations.",positive
12b32743-2b4c-4623-a8c7-27108f05843e,Tripadvisor,Such a great help with finding local restaurants and hotels to stay at,positive
439af071-f8e9-4c61-9fa6-4c37b8b1e474,Tripadvisor,Fake reviews continue to appear.,negative
6e2be22e-8e6a-47da-aa5c-9e371dceab25,Tripadvisor,We stayed in the Hotel Tuntas in Altinkum in Turkey attracted by reviews which I now realise are written by management and staff.,negative
dce44575-42ff-4c91-b1dd-792d4ec44115,Tripadvisor,Dozens of one off reviews all phrased in a similar way with poor English constantly 'bigging up' the staff.,negative
aa30d937-4687-428e-a82f-132df51843f2,Tripadvisor,One so called English person seems to be there every few months for the last eight years and only writes reviews about the hotel Tuntas.,negative
767720f5-8d43-40bf-b724-b48d397dd3bf,Tripadvisor,Sometimes you can even find a lower priced hotel offers here.,positive
5c340664-d83c-4329-a938-4bc5dad80dcc,Tripadvisor,An every day tool while travelling or planning to travel.,positive
55cb2ebc-f9b7-46c6-8170-4ce133177591,Tripadvisor,One can easily find new places worth visiting.,positive
592b83b0-2f83-4f95-bafc-41822ef4cbfb,Tripadvisor,I use this app to share my experiences to help others and to guide me in places I have never been to enhance my travel.,positive
d5534f90-926b-4c8f-8092-5770f84b687c,Tripadvisor,"Thanks to all the reviewers, the reviews are really helpful when traveling to unknown places.",positive
7bc8ba29-65da-4f18-9286-c06d65292dbe,Tripadvisor,This is my go to when validating destinations for most travel; it adds a lot of great options by opening doors to new places and experiences.,positive
2d62fdf3-1cb9-43b2-9b69-5d210944128d,Tripadvisor,"My favorite feature is the ""search this area"" on the map for restaurants and hotels.",positive
82cd0d09-1ac9-45d3-9ffc-4d033e5f7add,Tripadvisor,Great way to find and check out places,positive
70f2c07e-ca4a-4b0c-9b13-08be4842f6b1,Tripadvisor,Great app use it loads to find restaurants and hotels,positive
5aeff0b6-59a7-4227-85d5-6a75140ae8ec,Tripadvisor,I highly recommend it for ALL your travel arrangements.,positive
be732fa7-0ece-4c27-9130-144887580cba,Tripadvisor,Use this app all the time to see where to go and which restaurant to book.,positive
4164b956-4d2b-4300-9113-690716ad6f53,Tripadvisor,Doesn't work well if you don't give location permission,negative
bde9ebc6-7ed2-4e97-bde7-1f7d65663fbf,Tripadvisor,"I love traveling and so far this app is really helping me plan travel, learn different stuffs that I needed about specific places etc.",positive
77fc5638-c8c6-4ab5-bc09-09e2bd44ddaa,Tripadvisor,Reviews are perfect for help making the correct choice when going to an area you don't know.,positive
995bb3c8-f69d-48ab-bb8a-315dc36c0a74,Tripadvisor,"Not user friendly enough, but very helpful for finding places to eat, wanted to leave a review for the hotel but there's no button for it, I guess you can review only if you got the hotel thru the app",negative
d827c72b-1139-4ea1-b98d-d2673162c990,Tripadvisor,This site might not post your review and that shouldn't be The comment I made would be very helpful for anybody thinking of going to this restaurant,negative
1f706571-edd8-4ec2-a0ea-195598f13af7,Tripadvisor,Poor account settings.,negative
d98c1dc2-993f-4905-89de-c2349d9d33b0,Tripadvisor,Lots of promoted paid activities.,negative
f3dcb9f3-6680-4f89-939b-73e27869039e,Tripadvisor,Abit hard to manage the business stuff,negative
a090d4cb-a557-49e3-978c-6a1e21c58df1,Tripadvisor,"It's a good app to discover the places, but the trip planning need some improvements and the app screen must be more clean.",negative
97cb40e2-840d-4e10-9c66-828427018dfe,Tripadvisor,Seeing them in reviews.,neutral
e2ec0d9c-7a77-41e5-908f-4a2677e7f339,Tripadvisor,Love that you can be apart of Forums.,positive
5dab7dd9-309c-48de-99bb-9a71e0ea00b3,Tripadvisor,When I look at restaurants they compare then to those I have done reviews on.,neutral
901d8225-69a2-4bed-bae8-78e2118c429d,Tripadvisor,When spending $$$$ you want to compare to other restaurants.,neutral
c63f4ac1-9b7f-48ba-aa29-16e7b0e727cc,Tripadvisor,I need to take more time to leave review on places where I live.,neutral
4a3c614e-fa23-4a88-82ce-1f98694d292d,Tripadvisor,Very good app for hotel and travel,positive
100871ca-2455-447b-a54e-959c0bf6fa21,Tripadvisor,Very helpful when planning to book hotel or places to visit.,positive
fc7714c5-9fc4-4196-88bb-c9a3abbe407a,Tripadvisor,"You save reviews as a draft and finish atca later date, but not now.",neutral
d7b9a570-fc3c-44fa-9ac5-52108abe1369,Tripadvisor,Good app for planning trips.,positive
f11d56c5-65be-4630-b01f-40548acc6c8f,Tripadvisor,Fairly easy to use and a tool to use when researching places,positive
2950a9ab-53ba-4b86-a9f0-8730a724913b,Tripadvisor,Honestly my favorite thing about this app is the ability to save places I want to visit on a particular vacation I'm planning.,positive
31932bb2-b744-426d-bd3d-3a30bd104a84,Tripadvisor,I am also struggling to upload new reviews!,negative
6bd50d12-a353-4651-b938-736e746192b9,Tripadvisor,Have found great deals with this app.,positive
5317ba61-b54b-4e6d-bfcb-70ce2472861e,Tripadvisor,"Where ever i want to go, i check on trip advisor first to read the reviews.",positive
771ad603-6bd1-473a-8835-8dac023f8acf,Tripadvisor,"Very helpful, this app serves as my reference for our family's hotel booking and trips",positive
673c4079-57a0-4b93-8911-ad0ad3d75d48,Tripadvisor,Fairly easy to use...I use it for out of state restaurants and fun places to go !,positive
ec15e9ea-4d4e-4f6e-9bed-0b04ad2fb0f3,Tripadvisor,It has been smooth and i really enjoy the recommendations,positive
cd3597ba-0002-41ca-a5fb-a463127118da,Tripadvisor,"But the down side is that, the users may have the option to edit their reviews/posts.",negative
b6edee3b-3e4f-42bb-983a-1cca49246ad8,Tripadvisor,Always use trip advisor before we go and always use it to review after we have been..,positive
1edc1a13-88ef-4024-a6f7-2343b674aecd,Tripadvisor,Highly recommended for planning trips etc,positive
7a0ab239-342f-4959-a38a-a30877eac200,Tripadvisor,The app helps me to manage my property and it also helps me to find the new trends in the world regarding travel and tourism.,positive
7297e875-5e6e-40dd-8bfb-24ca20a26e0b,Tripadvisor,Useful to share opinions,positive
5e148b9c-3074-4c4c-b4ba-acf8979260d0,Tripadvisor,"Good for reviewing and reding reviews,",positive
83eeb974-6b5a-4bc2-9d57-70f2907ee739,Tripadvisor,I always check TripAdvisor reviews for any Hotel I book before I go on Holiday I think TripAdvisor is excellent,positive
25c19268-e681-4c00-bb51-76de711beac6,Tripadvisor,Great advice for travellers,positive
d7d8a1c0-e1da-4420-8e23-e95e553bbd9d,Tripadvisor,I love the comments!,positive
3f8e7aeb-461f-46cb-bb5b-08f09761eee7,Tripadvisor,Great info for travel planning.,positive
,,"Look, boss, this is in principle this is rigid and not rigid",neutral
,,"Videos lag sound, and app still hasn√É¬¢√Ç¬Ä√Ç¬ôt gotten any better but y√É¬¢√Ç¬Ä√Ç¬ôall claim to improve and get rid of the bugs.",negative
,,I don't understand why I hate facebook,neutral
,,Unable to understand.,negative
,,Because I study My name is shreya and today I learn from zoom thanks guess thanks so much and bye,neutral
,,"I talk with my girlfriend from around the world every day almost all day, we tried different apps, but find this one is the best out of them all, it√É¬¢√Ç¬Ä√Ç¬ôs noticeably clearer and smoother than them all, once we started using Skype we haven√É¬¢√Ç¬Ä√Ç¬ôt switched",neutral
,,"Difficult to navigate, don't know who is sending message",negative
,,Your team is disgusting.,negative
,,"Good, but actual location is out of date or needs to improve accuracy.",neutral
,,Thanks for all,neutral
,,And thanks to ur buffonary...,neutral
,,I have to connect with WiFi to receive the notifications.,neutral
,,Please Please change it the way it was before,neutral
,,On top of that there is no fee on the recipient's side.,neutral
,,"Not able toh login due to security checks, I am not getting sms code in my given no.",neutral
,,And it crashes frequently.,negative
,,after 4 or 5 minutes of searching.,neutral
,,"Live timing has been destoyed after latest upgrade - don√É¬¢√Ç¬Ä√Ç¬ôt buy, it is useless now.",negative
,,But very expensive and I don't know how to unsubscribe.,negative
,,"Live the music choices, but HATE the repeated Overdose ads!!  It√É¬¢√Ç¬Ä√Ç¬ôs too much.",negative
,,Especially bad the last few months.,negative
,,"cons: cant pick songs, can only skip 6 times per hour, cant rewind.",neutral
,,"Okay I have two major issues with this application, my first problem is that when you give an expected amount of ""ad free music"" I expect to have that thirty minutes.",negative
,,This app is amazing u can name ur contacts see profile pictures and comment,positive
,,I am working,neutral
,,this is very idiot aop,negative
,,very bad app,negative
,,nothing nude in the meme posted.,neutral
,,brave and smart work,positive
,,I am leaving the comment,neutral
,,We can communicate,neutral
,,Very successful in his predictions,positive
,,To MUCH CENSORSHIP !!,negative
,,"They're thieves, nothing he says is true.",negative
,,"The same video comes out again as if I see it, they give me 30 minutes without advertising.",neutral
,,The down fall is that there are to many ads if you don√É¬¢√Ç¬Ä√Ç¬ôt have premium.,negative
,,Please put a duration on the video call while we are in a video call with someone.,neutral
,,Please no Updating,negative
,,setup upto mark,positive
,,wasting my time,neutral
,,Lets go win win win,positive
,,Hood stuf P9,neutral
,,Hi sewn √É¬∞√Ç¬ü√Ç¬ò√Ç¬ò√É¬∞√Ç¬ü√Ç¬ò√Ç¬ò√É¬∞√Ç¬ü√Ç¬ò√Ç¬ò√É¬∞√Ç¬ü√Ç¬ò√Ç¬ò√É¬∞√Ç¬ü√Ç¬ò√Ç¬ò√É¬∞√Ç¬ü√Ç¬ò√Ç¬ò√É¬∞√Ç¬ü√Ç¬ô√Ç¬è√É¬∞√Ç¬ü√Ç¬ô√Ç¬è√É¬∞√Ç¬ü√Ç¬ô√Ç¬è√É¬∞√Ç¬ü√Ç¬ô√Ç¬è√É¬∞√Ç¬ü√Ç¬ô√Ç¬è,neutral
,,Fix your system please √É¬¢√Ç¬ú√Ç¬å√É¬Ø√Ç¬∏√Ç¬è√É¬¢√Ç¬ú√Ç¬®√É¬∞√Ç¬ü√Ç¬í√Ç¬ï√É¬∞√Ç¬ü√Ç¬ß√Ç¬ö√É¬∞√Ç¬ü√Ç¬è√Ç¬ª√É¬¢√Ç¬Ä√Ç¬ç√É¬¢√Ç¬ô√Ç¬Ä√É¬Ø√Ç¬∏√Ç¬è,neutral
,,Can't determine what my friends are reacting/commenting on.,neutral
,,Before their had a layout,neutral
,,"Ale jinac mi vse funguje bez obtizi, tak nevim...",neutral
,,53 54enj5744 is is not e,neutral
,,I would have liked it to have been up for testing.,neutral
,,Oxm Experience Thanks √É¬∞√Ç¬ü√Ç¬ò√Ç¬á√É¬¢√Ç¬ù√Ç¬§,neutral
,,Complication is NOT what you need in an App.,neutral
,,"i was using different bank and its internet bank, if i could make comparison between those two , This internet bank is very bad.",negative
,,My profile has no option for profile lock and display picture lock yet even after so many times I updated it,neutral
,,"I have yet to receive any response, and I still can√É¬¢√Ç¬Ä√Ç¬ôt use the pinned list feature.",neutral
,,I'm using PREMIUM SPOTIFY for few years already and I haven't had fussy issue with it till recently I couldn't skip any song untill my current song is finish! otherwise i couldn't even listen for such full duration for the next song! what is the function then I upgraded to premium?,negative
,,No matter moe many times I turn off the active status...,neutral
,,I hate Skype.,negative
,,Hate that i cant uninstall it,neutral
,,My emoji is not updated,neutral
,,Its driving me nuts.,neutral
,,no special person hide and lock 2.,neutral
,,I give 3/5 star cause everything i played its was so laggy,negative
,,It's has not been working properly for the past 4 hours even though I have alot of cred it but aside that it is an amazing app,neutral
,,"When it prompted me to input my 2 way notif pin, it keeps on telling me that it cant connect with my internet when it's working fine.",neutral
,,"It should instead give option to ""Delete media only in chat"" or ""Delete media permanently"".",neutral
,,I have used Spotify for years.,neutral
,,Facebook is a paperweight for me since this started kinda saddening! Hope they can fix whatever is going on because i hate it.,neutral
,,Need some work on Facebook,neutral
,,"Never had a problem with app before, but as of yesterday I cant get onto my fb it just keeps freezing wont let me in.",negative
,,Thanks so much for the quick response,positive
,,The verification takes so long and the received email that contains upload ID does not work.,neutral
,,You can't start facebook after the last update,neutral
,,"In short; the performance is underground; I prefer to use the competition Discord, which does not have these problems.",neutral
,,No body listen you! :D,neutral
,,Apparently have had only clapping and singing at school...,neutral
,,"Online classes is very bad idea,now we are Knowing the importance of offline classes",negative
,,This is one of everyone fav app we can get close to our friends and family through video call they must increase the no of people in video call and our chats just remains private as we want,positive
,,"I am offered to create new accounts, but can't use the current one.",neutral
,,"If you want to repeat the title, you have to set it on the PS4.",neutral
,,I made it harder to make calls which is what I want to do with Skype.,neutral
,,"I think it is starting to catch up to the features provided by the old version, as the devs are working quickly and don't seem to be slowing down.",neutral
,,"Just new to this app, but so far, I am quite satisfied.",positive
,,New date 26 july 2020,neutral
,,Whatspp must have download option in status part...,neutral
,,We have been using this ap for 4 years with no issues.,neutral
,,Fine messaging app,neutral
,,Almost impossible to use.,negative
,,Just a one problem that is you cannot manage the playlist by yourself,negative
,,80 posts I can't read...,neutral
,,I just don't know how to log out.,neutral
,,My phone works up until I go on facebook,neutral
,,Cos I have iPad that are sharing within the family.,neutral
,,No words to explain.,neutral
,,"13th Sep 2018 - Huawei Mate 10 Pro, cannot share to group",neutral
,,It os always creating connection problem,negative
,,"As a result, my Instagram account has also been shut down.",neutral
,,"Please Add one more option ""Clear All Status"" in chat history, for cleaning status we have clean all history instead of status.",neutral
,,I need approval for Spotify so my other apps keep working,neutral
,,It√É¬¢√Ç¬Ä√Ç¬ôs not working as well as the version before.,negative
,,everything works as expected.,neutral
,,you can no longer choose the online status (online/employed/absent/etc) independently.,neutral
,,"Facebook is manipulated to deception and error, inclined only for the lgbt community this platform has become a garbage, closing accounts of people who speak with the truth, let everyone express themselves freely, against the truth no one can.",negative
,,I'm missing the 4 dots so I can share my location and I can't get it out,neutral
,,Doing this long term is going to be a hassle.,negative
,,Don't use this app because my account hack this app so careful guys don't use this app and my account hack by facebook and they are doing nothing mee or help facebook please my account,neutral
,,Why don ¬ôt you guys get rid of the react crap! It keeps causing crashes.,negative
,,I think there needs to be a simpler way to manage contacts and who can connect to me.,neutral
,,"You can't log in with your phone number, when you try to create a new account, it hits Facebook.",neutral
,,l can get ahold of someone immidiatlly,neutral
,,Your fact checkers are a joke.,positive
,,Only the most controversial and vile comments are shown first.,negative
,,I bet 2 stars to get attention.,neutral
,,Heartbreakers off to pour myself some wine xx,negative
,,But he cheers Liberec no,positive
,,All the students my avatar is missing.,negative
,,freedom,positive
,,"I gave this app three stars because it's a great app,no doubt but recently my contacts have been unable to view my status when I update it.",positive
,,Rajendra Singh Rajput Varanasi City near BHU,neutral
,,"Please provide all button like delete, share etc in the bottom of screen.",neutral
,,"In a few minutes flew twice, itself incredibly glitchy: to use completely unpleasant.",negative
,,"It keeps me informed with little, I catch up ",neutral
,,not fun i dont get to play forniteeeeeeeeeeeeeeee and gtaaaaaaaaaaaaaaaaaaaa there my both fav game...........,positive
,,"Scooters doesn't start, cannot scan qr to report issue.",negative
,,What a time consuming process! I don't think they want you to turn off push notifications...,neutral
,,"As my opinion, Facebook is a very interesting application.",positive
,,I've uninstalled and reinstalled multiple times cycling the devices power between installs.,neutral
,,Sometimes the app uninstalls the downloaded songs and I have to use cellular data to listen to songs until I get to a place that has WiFi so I can redownload the songs. ,neutral
,,very frustrating and defeats the purpose of a cloud enabled application!,negative
,,"I had wanted that, i hd just enabled it.",neutral
,,I used to be able to tap to see songs in a playlist why cant I ?,neutral
,,Since update voice is not coming properly The worst app,negative
,,I want to join Amgrace Eatright kitchen,neutral
,,Pure obvious hackers don't download if you want to have your data safe,negative
,,It keeps booting me out over and over..,negative
,,Is hacker hack whatsapp?kindly give me this information,neutral
,,"Im not like new messenger, pls turnback the old pls",neutral
,,Why does the program offer an update and when you try to update it states the update is no more available?,neutral
,,The only way to make it go away is to actually open up Spotify start something up stop it and then dismiss the notification.,neutral
,,I wasn't having trouble with it.,negative
,,So you have 5 billion downloads still makes you a looser Mr zuckerman,negative
,,"In combination, the ideal - time-toned - upper body training.",neutral
,,"Offline mode is also somehow not reliable at the moment or a joke, real time doesn't work either.",negative
,,Keeps crashing can open it at all,negative
,,Good But Right Password is Unexpectedly Wrong Some Times....,positive
,,Come on really have to download the things again me off making the game slow.,neutral
,,I hope it keeps growing and with more fans from everywhere in the world Congrats and keep in touch,positive
,,Why are you finding these kind of apps jio meet google meet,neutral
,,It gives us the exact location and it has been a lot of help!,positive
,,Why is it taking so long to load my messages I shouldn ¬ôt ever went to apple,neutral
,,Its a very good app but I think you should have a limit to number of status that could be uploaded per day.,positive
,,So please dont act as if you are doing everything for us,neutral
,,I can listen to music for free,neutral
,,its really good but when i touch the start its play other song like i want to hear let you down but it play twice's song please the developer fix this up,neutral
,,I received the Samsung tab from my daughter .,neutral
,,it's working,neutral
,,"The update from August 7th is not good! Now when I share a post or photo from another public page, it doesn't display the original photo or post, only my commentary on it.",negative
,,The most irritating and worst app i have ever seen i think the developer too knew that that's he didn't reply anyone's comment,negative
,,Please do not install this app.your account will be hacked.my account was hacked not at all good app.use google meet instead of this,negative
,,Please get a lot of fun,positive
,,I hope they make a solution to that issue.,positive
,,This used to be a great app but since the upgrade there ¬ôs a bug.,neutral
,,"I LOVE SPOTIFY!!!!! HANDS DOWN THE BEST MUSIC APP EVER, EVERY SONG I LOOK UP THEY HAVE",positive
,,I spotify good to lookfor the cd,neutral
,,freedom fighters,positive
,,I can't log in anymore! I have reset my password 3 times and I still say that my password is wrong.,negative
,,Love I pick my favorite songs Just wish they had all my favorites orginal version,positive
,,LOVE Spotify! Has every song imaginable.,positive
,,"Demo mode was enough for one-time use ...100% paid, I disinstall",neutral
,,Update this my dms are not loading its been like this for 3days and its pissing me off,negative
,,The new update keeps stopping on my phone and the app barely works well since the most recent update.,negative
,,"Before I could see what my notifications were or who they were from...now all I get is ""you have a new notification"" which half the time nothing even shows up new.",neutral
,,it doesn't want to download when I'm downloading it,neutral
,,"I like accuweather and its features, but unfortunately I noticed that with the new update it seems to load noticeably slower.",neutral
,,I had thousands of songs on this list there is no way I can remeber all of them just to build it again.,neutral
,,The video tab thing that you clicked on and could watch videos from the pages you liked was actually really useful because of the chaos of my timeline.,positive
,,I do wish I could see more than 4 people on my phone though.,neutral
,,"Have deleted and reinstalled app a few times, works for approx a week before dying again.",negative
,,This application is so very well easy to find a friend with knew her/him ..name and also learn any thing,neutral
,,I recommend it for music lovers,neutral
,,If you could just make it like WhatsApp GB I will make it 5starts,neutral
,,Great bot just lost it somehow,positive
,,But I think need to get improved.,positive
,,An update every few weeks and everything gets worse.,negative
,,"When driving and looking at the perspective view, I would expect my location to be at the bottom of the screen, not in the middle to make more room for what is coming my way.",neutral
,,It takes too long to download ?,negative
,,It is a fabulous app and I have been using it for a year.,positive
,,"There is always someone hate this app, but let's be honest.",negative
,,Please bring back the old and simple features likes in the 2010 decade ago.,neutral
,,Very bad network issue and not clear voice,negative
,,I intalled whats app business with this same number and after disatisfaction i cleared it from my system.,negative
,,Spotifi is the best apka to listen to,positive
,,"The machine never call, and at any cost, never free 
But earlier, the app was stupid to steal money thanks to its workers, who didn't come to order, but the money was withdrawn",negative
,,You Get 5 Star But I Feel Some poblem For This App.,negative
,,Very powerful app and simply creating friendship and familiarizing.,positive
,,Otis Dupree hi t here I'm looking,neutral
,,For the price it should be better.,neutral
,,Facing issue regarding downloading data and uploading post update,negative
,,Hmmm maybe public post of news on my own?,neutral
,,My first thought was f*** this stupid app!!! And I still hate it!!!,negative
,,"This Is The Best Messaging App For Facebook On The Play store, In The District, In The City, In The State, In The Country, In The Continent, In The World, On The Earth, In The Solar System, In The Nearby Star's, In The Local Group Of Stars, In The Milky Way Galaxy, In The Nearby Galaxies, In The Local Group Of Galaxies, In The Laenica Super Cluster, In The Virgo Super Cluster, In The Observable Universe, In The Whole Universe, In The Multiverse, In The Superverse And In The Infinity^Infinity.",positive
